Compound,MW,LogP,HBD,HBA,Aromatic_Ring_Number,TPSA,RotB,QED,Formal_Charge,SA_score,PAINS,BRENK,NIH,Solubility_AqSolDB,hERG,Caco2_Wang,BBB_Martins,Clearance_Hepatocyte_AZ,Clearance_Microsome_AZ,PAMPA_NCATS,PPBR_AZ,Structural_flag,ADMET_flag
COc1ccc(NC(=O)C2=CCS(=O)(=O)C2)cc1OC1CCCC1,351.42,2.31,1,5,1,81.7,5,0.88,0,2.68,False,False,False,-4.38,0.45,-4.59,0.77,41.14,30.69,0.86,93.93,False,True
CC(C)Cc1ccc(-c2ccc3ccc4ccccc4c3c2)cc1,310.44,6.86,0,0,4,0.0,3,0.36,0,1.75,False,True,False,-7.59,0.64,-5.02,0.88,114.11,124.61,0.87,105.77,True,True
COC(COCCNC(=O)CNC(=O)CCC1CCCC1)OC,330.43,0.82,2,5,0,85.89,12,0.41,0,2.42,False,True,True,-1.82,0.22,-4.67,0.94,79.84,45.75,0.95,46.82,True,True
Fc1ccc2nc(Sc3ccc4ccccc4n3)ccc2c1,306.37,5.07,0,3,4,25.78,2,0.52,0,2.16,False,False,False,-5.3,0.34,-4.62,0.91,120.94,88.82,0.97,98.87,True,True
O=C(CSCCc1nnn[nH]1)NOCCCCCC1CC1,313.43,1.49,2,6,1,92.79,12,0.45,0,3.04,False,True,False,-3.36,0.21,-5.52,0.94,42.01,30.15,0.91,76.92,True,True
O=S(=O)(NCc1ccc(Cl)cc1)NC(c1ccc(Cl)cc1)c1ccc(C(F)(F)F)cc1,489.35,5.73,2,2,3,58.2,7,0.45,0,2.73,False,False,False,-5.25,0.94,-5.31,0.77,57.41,73.75,0.89,100.6,True,True
O=C(NNC(=O)C1CN(S(=O)(=O)F)C1)C1CCCCC1,307.35,-0.14,2,4,0,95.58,3,0.56,0,2.55,False,True,True,-2.09,0.05,-5.12,0.91,-13.35,22.48,0.67,54.87,True,False
O=C(NNc1ccc(Cl)cc1Cl)OCc1ccncc1,312.16,3.64,2,4,2,63.25,4,0.85,0,2.11,False,True,False,-3.35,0.69,-4.74,0.75,64.52,39.45,0.93,86.66,True,True
CCS(=O)(=O)CNC(=O)NCCC(=O)OC1CCCCC1,320.41,0.94,2,5,0,101.57,7,0.68,0,2.53,False,False,False,-1.87,0.33,-4.95,0.87,45.29,37.29,0.8,62.38,False,True
Cc1csc(CNc2nc(I)co2)c1,320.16,3.26,1,4,2,38.06,3,0.88,0,3.38,False,True,False,-5.03,0.57,-4.73,0.95,111.01,89.94,0.97,98.84,True,True
CC(NC(=O)C=CI)c1ccns1,308.14,2.27,1,3,1,41.99,3,0.69,0,3.96,False,True,True,-1.81,0.13,-4.56,0.77,42.34,14.81,0.88,57.14,True,True
O=C(NCCN1CCNS1(=O)=O)N1CCC(C(F)F)C1,312.34,-0.57,2,3,0,81.75,4,0.73,0,3.76,False,False,False,-1.1,0.17,-4.91,0.96,21.05,11.77,0.9,30.53,True,True
CNC(=O)COc1ccc(OCC#CC2CCCCC2)cc1,301.39,2.77,1,3,1,47.56,5,0.85,0,2.36,False,True,False,-4.76,0.51,-4.46,0.92,63.63,44.73,0.95,98.39,True,True
O=C(NCc1ccc(I)c(Br)c1)c1ccc2nsnc2c1,474.12,3.99,1,4,3,54.88,3,0.58,0,2.39,False,True,False,-5.4,0.48,-4.89,0.87,84.02,65.54,0.96,99.05,True,True
COCc1ccc(CSCc2cc(C#N)ccc2OC)cc1,313.42,4.15,0,4,2,42.25,7,0.77,0,2.08,False,False,False,-4.13,0.67,-4.52,0.75,136.35,102.39,0.91,86.51,False,True
O=S(=O)(F)CCCS(=O)(=O)Nc1cnc(C2CCCC2)nc1,351.43,1.57,1,6,1,106.09,7,0.75,0,2.85,False,False,True,-3.64,0.06,-5.27,0.74,7.92,19.38,0.53,74.91,True,False
O=[N+]([O-])c1ccc(-c2ccc(CNCc3ccc(-c4ccccc4)s3)s2)cc1,406.53,6.34,1,5,4,55.17,7,0.29,0,2.25,False,True,False,-6.22,0.92,-4.99,0.93,121.23,120.03,0.92,106.08,True,True
O=C(NCC1CCS(=O)(=O)C1)NNC(=O)NC1CCCCC1,332.43,0.27,4,4,0,116.4,3,0.55,0,2.95,False,True,False,-2.38,0.06,-5.28,0.74,15.57,12.05,0.44,55.44,True,True
CC(OC(=O)Cc1ccc([Si](C)(C)C)cc1)c1ccoc1,302.45,3.67,0,3,2,39.44,5,0.62,0,3.1,False,True,False,-5.49,0.63,-4.65,0.79,138.36,127.08,0.96,99.55,True,True
CS(=O)(=O)CCNN=Cc1ccc(N2CCCCC2)s1,315.46,1.71,1,6,1,61.77,6,0.49,0,2.86,False,True,False,-4.01,0.73,-4.58,0.95,77.43,58.82,0.96,83.03,True,True
O=C(Cc1ccsc1)Cn1cccc(Br)c1=O,312.19,2.48,0,3,2,39.07,4,0.87,0,2.55,False,False,False,-2.41,0.28,-4.39,0.93,73.01,37.9,0.93,66.31,False,True
C=CC1(NC(=O)CSc2nnc(NC3CCCCC3)s2)COC1,354.5,2.45,2,7,1,76.14,7,0.58,0,3.05,False,True,False,-3.74,0.27,-4.89,0.78,83.27,77.99,0.88,92.18,True,True
COCCOCCOCCOC(=O)c1c[nH]nc1C1CCCCC1,340.42,2.29,1,6,1,82.67,11,0.49,0,2.76,False,True,False,-2.73,0.61,-4.47,0.96,132.74,98.86,0.99,75.88,True,True
CC(C)(C)C(NC(=O)NOc1ccccc1F)c1ncccn1,318.35,3.0,2,4,2,76.14,4,0.85,0,3.22,False,True,False,-3.32,0.29,-4.76,0.77,53.22,41.94,0.93,77.7,True,True
CS(=O)(=O)NCCCSCc1nncn1-c1ccccc1,326.45,1.44,1,5,2,76.88,8,0.74,0,2.51,False,True,False,-1.95,0.24,-5.15,0.94,45.1,22.83,0.9,48.46,True,True
O=S1(=O)CCC(CSc2nc(Cc3ccccc3)no2)CC1,338.45,2.58,0,6,2,73.06,5,0.78,0,2.65,False,False,False,-3.63,0.21,-4.51,0.95,58.85,27.63,0.96,90.4,False,True
CCOC(=O)CN(Cc1csc2ccccc12)Cc1csc2ccccc12,395.55,5.68,0,5,4,29.54,7,0.38,0,2.41,False,False,False,-5.87,0.9,-5.0,0.97,155.17,156.43,0.93,104.82,True,True
O=C(CCNS(=O)(=O)c1ccc2ccccc2c1)NNc1ccccc1I,495.34,3.26,3,4,3,87.3,7,0.35,0,2.22,False,True,False,-4.96,0.69,-5.08,0.89,53.53,47.32,0.89,101.78,True,True
O=C(NCC1=NOC2CCCCC12)NOC1CCC(O)C1O,313.35,0.05,4,6,0,112.41,4,0.55,0,4.54,False,True,False,-1.65,0.11,-5.21,0.79,20.17,3.97,0.53,42.0,True,True
O=C(NCc1cnc(Cl)nc1)C1CNCCS1(=O)=O,304.76,-0.87,2,6,1,101.05,3,0.7,0,3.7,False,False,False,-0.68,0.01,-5.46,0.84,0.7,-17.33,0.33,29.9,True,True
CSCCONC(=O)Cc1ccc(C2CCCCC2)cc1,307.46,3.69,1,3,1,38.33,7,0.62,0,2.34,False,True,False,-5.05,0.52,-4.58,0.95,90.66,74.86,0.97,98.59,True,True
O=C(COc1cncc(Cl)n1)NCC#Cc1cccc(F)c1,319.72,1.82,1,4,2,64.11,4,0.87,0,2.6,False,True,False,-4.93,0.44,-4.53,0.92,78.22,62.67,0.98,98.01,True,True
O=C(Nc1cnc(Br)nc1)Nc1cc(Br)cs1,378.05,3.71,2,4,2,66.91,2,0.78,0,2.94,False,False,False,-4.73,0.27,-4.77,0.69,47.85,27.97,0.95,94.66,False,True
O=C(C=CC(=O)N1CCSSCC1)NCC1CCC(O)CC1,344.5,1.43,2,5,0,69.64,4,0.6,0,2.96,False,True,False,-2.6,0.23,-4.99,0.82,34.99,30.27,0.79,49.5,True,True
Brc1cc2sc(Nn3cnnc3)nc2s1,302.18,2.59,1,6,3,55.63,2,0.79,0,3.53,False,False,False,-4.45,0.33,-4.68,0.46,48.33,24.12,0.96,95.65,False,True
CC(C(=O)NCc1noc(-c2ccccc2)n1)N1CSCCSC1,364.5,2.44,1,7,2,71.26,5,0.87,0,3.25,False,False,False,-3.98,0.46,-5.0,0.96,67.74,56.17,0.96,87.14,False,True
Cc1ncnc(C)c1C(=O)Nc1cc(I)cc(I)c1,479.06,3.55,1,3,2,54.88,2,0.67,0,2.58,False,True,False,-4.88,0.31,-4.74,0.91,33.9,16.65,0.96,91.11,True,True
C(=C1CCOCC1)c1ccc2oc(Cc3ccccc3)cc2c1,304.39,5.22,0,2,3,22.37,3,0.66,0,2.51,False,False,False,-5.87,0.54,-4.65,0.96,85.04,70.4,0.94,101.47,True,True
COc1cc(Br)ccc1NN=Cc1cnc(C)s1,326.22,3.67,1,5,2,46.51,4,0.69,0,2.54,False,True,False,-4.19,0.62,-4.65,0.93,87.76,61.37,0.99,91.71,True,True
NC(=NOCCc1ccc(Cl)nc1)c1ncc(Br)cn1,356.61,2.17,1,5,2,86.28,5,0.29,0,2.89,False,True,False,-3.47,0.38,-4.86,0.93,52.71,33.85,0.96,86.45,True,True
COC(=O)C1(C(=O)NCCC(=O)N2CCCCC2C)CCOC1,326.39,0.47,1,5,0,84.94,5,0.59,0,3.36,False,True,False,-1.61,0.22,-4.53,0.97,60.32,43.51,0.96,48.66,True,True
Cc1ccc(OCCSc2cc(Cl)ccc2Cl)c(Cl)n1,348.68,5.52,0,3,2,22.12,5,0.4,0,2.29,False,True,False,-5.59,0.43,-4.58,0.95,110.12,91.45,0.96,95.97,True,True
O=C(Oc1ccc2ccccc2c1)N1CCNS(=O)(=O)CC1,320.37,1.57,1,4,2,75.71,1,0.87,0,2.52,False,False,False,-2.45,0.14,-4.78,0.94,41.7,17.25,0.92,79.39,False,True
O=c1ccc(NCC2(C(F)F)CCC2)cn1-c1ccccc1,304.34,3.68,1,2,2,34.03,5,0.91,0,2.75,False,False,False,-4.68,0.81,-4.62,0.96,61.19,42.95,0.96,90.56,False,True
O=C(NCC(F)(F)C1CC1)C(=O)NC(CF)c1ccccc1,314.31,1.97,2,2,1,58.2,6,0.79,0,3.15,False,True,True,-3.45,0.13,-4.72,0.92,9.32,26.32,0.95,74.01,True,False
CC(NC(=O)Cc1ccc(Br)cn1)c1csnn1,327.21,2.12,1,5,2,67.77,4,0.93,0,3.19,False,False,False,-1.87,0.07,-4.89,0.92,30.58,3.63,0.96,64.55,False,True
Cc1ccsc1C=C(Cl)c1nc2cc(F)c(F)cc2[nH]1,310.76,4.95,1,2,3,28.68,2,0.71,0,2.84,False,False,False,-5.82,0.46,-4.58,0.84,102.09,92.91,0.96,98.15,False,True
COc1ccc(C(=O)OCc2ccc(F)cc2Br)o1,329.12,3.55,0,4,2,48.67,4,0.81,0,2.35,False,False,False,-4.63,0.34,-4.35,0.98,142.16,113.46,0.99,95.06,False,True
O=S(=O)(NCc1ncc(-c2ccccc2)cn1)C1(CCl)CC1,337.83,2.33,1,4,2,71.95,6,0.82,0,2.78,False,True,True,-3.82,0.29,-4.9,0.96,74.08,61.21,0.96,86.65,True,True
O=C(Nc1csnc1-c1ccccc1)NC1CCC=CCC1,313.43,4.43,2,3,2,54.02,3,0.82,0,2.66,False,True,False,-4.51,0.59,-4.8,0.9,74.07,54.66,0.96,96.98,True,True
CCS(=O)(=O)C=CC(=O)N1CCSC(c2ccccc2)C1,325.46,2.25,0,4,1,54.45,4,0.8,0,3.3,False,True,False,-2.12,0.27,-4.63,0.88,35.98,23.71,0.85,59.51,True,True
CC(NC(=O)NCc1cc(Cl)nnc1Cl)c1ccnc(F)c1,344.18,2.88,2,4,2,79.8,4,0.84,0,3.14,False,True,False,-1.79,0.1,-5.15,0.8,11.12,5.01,0.82,61.03,True,False
COC(=O)Nc1ccc(CSCCC2CCCC2(F)F)cc1,329.41,4.92,1,3,1,38.33,6,0.75,0,3.06,False,True,False,-4.51,0.65,-4.55,0.94,86.02,57.52,0.95,92.83,True,True
COc1cc(NC(=S)NCC2SCCS2)ccn1,301.46,2.18,2,5,1,46.18,4,0.83,0,2.99,False,True,False,-3.7,0.29,-4.88,0.88,58.12,54.77,0.97,74.16,True,True
Cc1cccc(CSc2ccnc(CSc3ccccc3)n2)c1C,352.53,5.68,0,4,3,25.78,6,0.42,0,2.35,False,False,False,-5.51,0.77,-4.91,0.94,125.44,105.52,0.96,101.02,True,True
Brc1cccc(-n2ncc(CSCCC3=CCCCC3)n2)c1,378.34,5.15,0,3,2,30.71,6,0.51,0,2.83,False,True,False,-6.11,0.79,-4.89,0.99,116.25,107.62,0.98,103.56,True,True
O=C(O)c1ccc(C=NNc2ccc3ccccc3c2)c2ccccc12,340.38,5.14,2,3,4,61.69,4,0.4,0,2.07,False,True,False,-5.63,0.48,-4.98,0.34,42.05,21.59,0.73,103.92,True,True
C=CCCCS(=O)(=O)Nc1cccc(Oc2ccccc2)n1,318.4,3.58,1,4,2,68.29,8,0.6,0,2.34,False,True,False,-4.67,0.55,-4.44,0.91,83.68,48.59,0.94,100.72,True,True
Cc1ccc(C(O)c2cncc(C=Cc3ccccn3)c2)cc1,302.38,4.04,1,3,3,46.01,4,0.79,0,2.76,False,False,False,-3.75,0.49,-4.98,0.52,92.18,62.03,0.82,92.22,False,True
O=C(NS(=O)(=O)C(F)F)C(Cc1cccnc1)C1CCCC1,332.37,2.1,1,4,1,76.13,6,0.87,0,3.18,False,False,False,-2.39,0.35,-4.93,0.82,1.8,0.11,0.86,75.06,False,False
O=C(C1SCCS1)n1ccccc1=NC1CCCCC1,308.47,3.17,0,4,1,34.36,2,0.84,0,3.24,False,False,False,-4.32,0.65,-4.82,0.96,91.89,75.07,0.98,88.53,False,True
O=S1(=O)CCC(OCCSCc2cn3cc(Cl)ccc3n2)CC1,374.92,2.81,0,5,2,60.67,6,0.73,0,2.9,False,True,False,-3.08,0.36,-4.71,0.93,59.79,25.04,0.95,79.17,True,True
COC(=O)c1sncc1CSCc1cc(Br)cc(Br)c1,437.18,4.89,0,5,2,39.19,5,0.63,0,2.95,False,False,False,-5.34,0.42,-4.72,0.89,128.74,107.8,0.95,98.31,False,True
O=C(NCc1ccccc1COC1CCCCC1)NCC1SCCS1,380.58,4.14,2,4,1,50.36,7,0.75,0,2.71,False,False,False,-4.82,0.86,-4.99,0.97,89.58,90.95,0.97,98.01,False,True
O=P1(c2ccccc2)CCN(C2CCS(=O)(=O)C2)CC1,313.36,1.18,0,4,1,54.45,2,0.77,0,3.64,False,True,False,-1.11,0.1,-4.94,0.94,24.56,-6.02,0.78,28.44,True,True
CCCc1ccc(CSCc2nc(C(C)(C)C)co2)cc1,303.47,5.36,0,3,2,26.03,6,0.72,0,2.51,False,False,False,-5.84,0.57,-4.82,0.79,172.3,154.95,0.96,102.84,True,True
Cn1cnn(CC(=O)OCc2ccc(Cl)c(Cl)c2)c1=O,316.14,1.63,0,4,2,66.12,4,0.8,0,2.44,False,False,False,-3.19,0.31,-4.27,0.95,84.03,42.55,0.98,84.75,False,True
O=C(NCc1cnsn1)Nc1ncc(C2CCCCC2)cn1,318.41,2.7,2,6,2,92.69,4,0.9,0,2.83,False,False,False,-4.23,0.35,-5.13,0.85,67.64,57.87,0.96,94.12,False,True
O=C(NCC#CC1CC1)NCc1nnc(-c2ccccc2)s1,312.4,2.42,2,4,2,66.91,4,0.85,0,2.63,False,True,False,-3.71,0.49,-4.87,0.89,56.35,36.05,0.94,94.22,True,True
CN(Cc1ncnn1C)C(=S)Nc1ccc(Cl)c(F)c1,313.79,2.44,1,3,2,45.98,3,0.88,0,2.5,False,True,False,-3.25,0.45,-4.66,0.93,57.68,38.05,0.97,76.93,True,True
OCC(Cc1ccccc1)C(Nc1ncc(F)cn1)c1ccccc1,337.4,3.62,2,4,3,58.04,7,0.69,0,3.07,False,False,False,-4.53,0.65,-4.99,0.71,77.4,60.04,0.78,99.03,False,True
CS(C)(=O)=NC(=O)NC(=O)CSc1nnnn1C1CCCCC1,360.47,1.23,1,7,1,119.2,4,0.8,0,2.94,False,False,False,-3.38,0.09,-5.06,0.88,42.92,46.31,0.95,87.39,False,True
O=C(OCCC1CS(=O)(=O)C1)c1cc(Br)[nH]c(=O)c1,350.19,0.73,1,5,1,93.3,4,0.64,0,2.95,False,True,False,-2.13,0.03,-4.63,0.77,53.9,20.71,0.61,64.07,True,True
NC(=NOCc1sccc1I)c1cncnc1,360.18,1.98,1,5,2,73.39,4,0.39,0,3.23,False,True,False,-2.99,0.54,-4.8,0.69,42.02,14.46,0.88,80.74,True,True
O=C(CNC(=O)NC1CCCCC1)NCCn1cc([N+](=O)[O-])cn1,338.37,0.54,3,5,1,131.19,7,0.49,0,2.36,False,True,False,-2.63,0.19,-5.27,0.91,31.46,28.3,0.87,58.99,True,True
CS(=O)(=O)n1cc(NC(=O)NNC(=O)CC2CCCC2)cn1,329.38,0.42,3,5,1,122.19,4,0.69,0,2.7,False,True,False,-3.3,0.04,-5.3,0.75,8.77,18.65,0.56,75.75,True,False
Cc1cnc(C(=O)CSc2cccc(I)c2)cn1,370.21,3.36,0,4,2,42.85,4,0.47,0,2.48,False,True,True,-4.43,0.3,-4.59,0.98,89.9,62.11,0.99,94.18,True,True
N#Cc1cccc(CNC2CCN(Cc3cccc(C(F)(F)F)c3)CC2)c1,373.42,4.33,1,3,2,39.06,5,0.85,0,2.14,False,False,False,-3.55,0.97,-4.96,0.96,20.3,8.42,0.88,84.07,False,True
O=S1(=O)CCC(NN=Cc2ccc(Oc3ccccc3)o2)CC1,334.4,2.57,1,6,2,80.9,5,0.67,0,2.79,False,True,False,-3.82,0.5,-4.51,0.93,49.22,10.69,0.93,89.07,True,True
CCS(=O)(=O)C1(CNc2ncnc(N3CCCCC3)n2)CC1,325.44,1.24,1,7,1,88.08,6,0.84,0,2.97,False,False,False,-3.69,0.62,-4.79,0.92,64.12,65.34,0.93,70.47,False,True
CC(C)(C(=O)NC1CC(S(C)(=O)=O)C1)c1cncs1,302.42,1.11,1,5,1,76.13,4,0.9,0,3.29,False,False,False,-1.19,0.11,-4.73,0.76,14.09,1.25,0.86,32.66,False,False
O=S(=O)(CF)Nc1cc(-c2ccccc2)cc(C(F)(F)F)c1,333.31,4.04,1,2,2,46.17,4,0.86,0,2.22,False,False,False,-4.91,0.52,-4.73,0.93,24.23,27.12,0.96,100.04,False,True
O=C(NCCc1cnc(SC2CCCC2)nc1)NCCC1SCCS1,398.62,3.55,2,6,1,66.91,8,0.65,0,3.05,False,False,False,-3.69,0.5,-5.05,0.9,70.36,59.49,0.97,82.11,False,True
CSc1cc(F)ccc1NC(=O)Nc1ccc(C)c(C)c1,304.39,4.81,2,2,2,41.13,3,0.8,0,1.94,False,False,False,-5.81,0.65,-4.77,0.88,114.76,102.83,0.96,99.86,False,True
O=C(Cc1ncc(Cl)cn1)Nc1cc(Cl)cc(Br)c1,361.03,3.73,1,3,2,54.88,3,0.91,0,2.34,False,False,False,-4.29,0.23,-4.66,0.93,54.17,26.38,0.97,91.39,False,True
CC(C=NNC(=O)c1csc(Cl)n1)c1cc(F)cc(F)c1,329.76,3.59,1,4,2,54.35,4,0.69,0,3.33,False,True,False,-4.72,0.32,-4.37,0.88,55.76,38.95,0.98,91.45,True,True
COC1(C(=O)NN=C(CCC(C)(C)C)c2cscn2)CCOCC1,353.49,2.99,1,6,1,72.81,6,0.63,0,3.45,False,True,False,-3.89,0.49,-4.63,0.93,100.7,95.96,0.99,83.81,True,True
CCCCN(OCc1ccccc1)C(=O)N1CC(S(=O)(=O)F)C1,344.41,2.32,0,4,1,66.92,7,0.56,0,2.88,False,True,True,-2.85,0.27,-4.67,0.97,50.25,63.18,0.97,72.97,True,True
N#Cc1cc(Cn2cnc3nccnc32)ccc1Br,314.15,2.51,0,4,3,67.39,2,0.73,0,2.69,False,False,False,-2.71,0.18,-4.72,0.85,71.97,41.32,0.97,69.03,False,True
Cc1nonc1C(=O)CN1CCC(c2ccccc2)(c2ccccc2)CC1,361.45,3.64,0,5,3,59.23,5,0.65,0,2.53,False,False,False,-4.73,0.86,-4.76,0.99,61.28,57.05,0.98,98.41,False,True
Cc1cc(CC(=O)OCc2c(I)cnn2C)c(C)[nH]1,373.19,2.26,1,3,2,59.91,4,0.66,0,3.04,False,True,False,-3.64,0.48,-4.73,0.98,60.87,48.42,0.99,88.03,True,True
CCOP(=O)(OCC)C1(NC(=O)NCC(=O)OC2CCCCC2)CC1,376.39,2.92,2,6,0,102.96,9,0.47,0,3.06,False,True,False,-1.19,0.43,-4.91,0.92,39.57,41.18,0.95,53.29,True,True
CC1=CC(C(=O)NCCC(=O)C2CCCCC2)=NS(=O)(=O)N1,327.41,0.83,2,4,0,104.7,5,0.78,0,3.18,False,False,False,-2.99,0.04,-5.27,0.78,8.06,21.59,0.78,78.21,False,False
Brc1cnc(CNc2ncc3c(Br)cccc3n2)nc1,395.06,3.56,1,5,3,63.59,3,0.74,0,2.54,False,False,False,-4.07,0.61,-4.95,0.93,79.82,56.8,0.98,94.02,False,True
FC(F)(F)c1ccnc(CON=Cc2ccc(Cl)c(Cl)c2)n1,350.13,4.35,0,4,2,47.37,4,0.61,0,2.61,False,True,False,-3.93,0.55,-4.64,0.96,39.39,22.96,0.99,89.31,True,True
Cc1c[nH]c(=O)c(CNC(=S)Nc2cccc(Cl)n2)c1,308.79,2.22,3,3,2,69.81,3,0.6,0,2.6,False,True,False,-3.5,0.39,-4.9,0.73,46.03,29.15,0.92,81.12,True,True
O=C(NCC1CC1C1CCC1)c1nnc(Oc2cccc(Cl)c2)s1,363.87,4.15,1,5,2,64.11,6,0.84,0,3.41,False,False,False,-6.06,0.61,-4.75,0.95,86.97,77.57,0.97,103.47,False,True
Cc1cc(CC(O)CSC(C)c2cccs2)ccc1F,310.46,4.59,1,3,2,20.23,6,0.84,0,3.28,False,False,False,-3.96,0.76,-4.58,0.93,126.76,89.23,0.93,91.59,False,True
Cc1cnnc(NC(=O)NC(C)(C)COc2ccccc2)c1,300.36,2.76,2,4,2,76.14,5,0.89,0,2.43,False,False,False,-4.02,0.3,-4.73,0.91,83.47,58.87,0.98,92.15,False,True
CC(C)(C)[Si](C)(C)Oc1ccc(NC(=O)NN2CCOC(CO)C2)cc1,381.55,2.8,3,5,1,83.06,5,0.68,0,3.14,False,True,True,-4.91,0.58,-4.9,0.42,55.25,62.91,0.72,95.38,True,True
CN(C)S(=O)(=NC(=O)c1cnc(OC2CCCC2)nc1)N(C)C,341.44,1.36,0,5,1,87.99,5,0.81,0,3.21,False,False,False,-2.83,0.2,-5.05,0.71,34.73,33.58,0.78,76.44,False,True
CCOC(=O)C=CCNC(=O)NCc1cc(COc2ccccc2)co1,358.39,2.78,2,5,2,89.8,9,0.53,0,2.48,False,True,False,-4.03,0.65,-4.68,0.91,114.15,94.38,0.96,94.92,True,True
CC(Cc1cnco1)Nc1ncnc(F)c1Br,301.12,2.41,1,5,2,63.84,4,0.88,0,3.68,False,False,False,-3.09,0.16,-4.69,0.84,49.7,36.23,0.94,72.11,False,True
Cc1ccsc1NC(=O)Oc1cc(C#N)ccc1I,384.2,4.14,1,4,2,62.12,2,0.79,0,2.7,False,True,False,-5.58,0.19,-4.51,0.62,90.54,75.78,0.95,97.04,True,True
C#CCCCCCNC(=O)CSc1nccn1-c1ccc(Br)cc1,406.35,4.04,1,3,2,46.92,9,0.39,0,2.39,False,True,False,-4.69,0.82,-4.69,0.9,106.8,83.35,0.93,97.29,True,True
Nc1cc(Br)ccc1-c1cc(-c2ccccc2)[nH]n1,314.19,4.09,2,2,3,54.7,2,0.7,0,2.14,False,True,False,-4.84,0.7,-4.81,0.76,62.61,42.07,0.9,96.74,True,True
O=C(NC(c1nnn[nH]1)C1CCCCC1)C1SCCS1,313.45,1.74,2,6,1,83.56,4,0.88,0,3.83,False,False,False,-3.53,0.22,-5.68,0.85,29.92,30.98,0.89,81.04,False,True
CS(=O)(=O)CNC(=O)Nc1nc(C2CCCCC2)ns1,318.42,1.71,2,6,1,101.05,4,0.88,0,2.77,False,False,False,-3.07,0.41,-5.05,0.87,12.3,18.88,0.92,85.03,False,False
CCCc1ccc(C=CC(=O)c2nc(Br)cs2)s1,342.28,4.82,0,4,2,29.96,5,0.58,0,2.94,False,True,True,-5.8,0.23,-4.68,0.73,122.4,111.25,0.96,101.73,True,True
COc1cccc(OC)c1CNCC(C)(C)c1c(Cl)cccc1Cl,368.3,5.08,1,3,2,30.49,7,0.74,0,2.37,False,False,False,-5.61,0.97,-4.66,0.92,97.52,92.46,0.9,98.82,True,True
CC(CN(C)c1ccccc1)NC(=O)C(N)Cn1ccnn1,302.38,0.25,2,5,2,89.07,7,0.76,0,3.33,False,False,False,-2.07,0.68,-5.33,0.77,37.05,31.88,0.75,53.09,False,True
Cn1cnnc1NNC(=O)C(C)(C)Oc1cc(F)cc(F)c1,311.29,1.39,2,5,2,81.07,5,0.82,0,2.89,False,True,False,-2.88,0.14,-4.63,0.69,20.86,8.45,0.74,75.41,True,True
Cc1ccc(SCC(O)c2ccc(Br)cc2C)nc1,338.27,4.29,1,3,2,33.12,4,0.84,0,2.8,False,False,False,-4.31,0.47,-4.71,0.9,108.61,81.27,0.97,94.23,False,True
N#Cc1ccc(OS(=O)(=O)C2CCS(=O)(=O)CC2)c2ccccc12,365.43,2.0,0,6,2,101.3,3,0.77,0,2.76,False,True,False,-4.23,0.23,-4.53,0.75,48.34,31.23,0.78,89.26,True,True
CC(C)n1ccnc1CSCCNc1ccc(C(C)(C)C)cc1,331.53,5.11,1,3,2,29.85,7,0.72,0,2.46,False,True,False,-4.46,0.92,-4.93,0.82,107.78,106.57,0.97,92.76,True,True
CCS(=O)(=O)N1CCC(NC(=O)C(=O)NCCCCCC2CC2)CC1,373.52,1.0,2,4,0,95.58,9,0.47,0,2.35,False,True,True,-3.11,0.26,-4.84,0.95,46.45,51.21,0.93,64.34,True,True
CC(C)CSc1nn(C)cc1NC(=O)CN(C)c1ccncc1,333.46,2.64,1,5,2,63.05,7,0.79,0,2.8,False,False,False,-3.57,0.68,-4.84,0.72,94.57,79.61,0.92,84.46,False,True
Cc1ccc(-n2nc(NCC#Cc3cccc(C)c3)cc2C)cc1,315.42,4.26,1,2,3,29.85,3,0.73,0,2.42,False,True,False,-5.87,0.82,-5.01,0.86,106.52,103.38,0.93,102.41,True,True
O=S1(=O)CCC(CN(CCOc2cccnc2)CC2CC23CCC3)CC1,378.54,2.78,0,5,1,59.5,8,0.7,0,3.77,False,False,False,-2.44,0.94,-4.91,0.94,41.54,25.71,0.87,50.24,False,True
CS(=O)(=O)Cc1nc(C[S+]([O-])c2ccc(F)cc2F)cs1,351.42,2.27,0,5,2,70.09,5,0.78,0,3.9,False,True,False,-1.51,0.3,-4.61,0.85,38.0,16.81,0.94,56.21,True,True
CS(=O)(=O)CCNC(=S)NCCC(=O)N1CCCCCC1,335.5,0.29,2,4,0,78.51,6,0.68,0,2.23,False,True,False,-1.56,0.33,-4.91,0.92,38.87,31.25,0.89,29.45,True,True
O=C(C=Cc1cccc(C(F)(F)F)c1)NS(=O)(=O)CCOCc1ccccc1,413.42,3.38,1,4,2,72.47,8,0.53,0,2.33,False,True,False,-4.47,0.37,-4.78,0.76,34.3,24.55,0.86,101.58,True,True
CCCCCOc1ccc(OC(=O)COCc2nnc(C)s2)cc1,350.44,3.54,0,7,2,70.54,10,0.37,0,2.27,False,True,False,-3.88,0.18,-4.76,0.94,101.14,79.01,0.98,97.07,True,True
COc1cc(NN=C(CCCc2ccccc2)c2ccccc2)ncn1,346.43,4.32,1,5,3,59.4,8,0.49,0,2.26,False,True,False,-5.41,0.9,-5.0,0.87,114.03,99.12,0.96,102.83,True,True
CCCCS(=O)(=O)NC(C)C(=O)OCc1ncc(C2CCCCC2)o1,372.49,2.87,1,6,1,98.5,9,0.67,0,3.12,False,False,False,-3.65,0.38,-4.64,0.97,94.43,80.78,0.98,91.91,False,True
CSc1snnc1C(=O)NNC(=O)c1ccc(=O)[nH]n1,312.34,-0.58,3,8,2,129.73,3,0.51,0,3.0,False,True,False,-3.81,0.01,-5.31,0.52,24.08,17.47,0.3,84.88,True,True
OC1(C(F)F)CC(CSCc2cc(-c3ccc(Cl)cc3)no2)C1,359.83,4.63,1,4,2,46.26,6,0.82,0,2.96,False,False,False,-5.23,0.51,-4.75,0.9,36.23,45.14,0.94,97.9,False,True
CN(OCc1ccccc1)S(=O)(=O)c1cnn(Cc2ccc(Cl)cc2)c1,391.88,3.34,0,4,3,64.43,7,0.58,0,2.32,False,True,False,-4.73,0.65,-4.85,0.86,87.2,76.98,0.96,100.04,True,True
CC1(CSCc2ccnn2C2CCCC2)CS(=O)(=O)C1,314.48,2.67,0,4,1,51.96,5,0.84,0,3.29,False,False,False,-2.94,0.38,-4.71,0.85,56.93,34.25,0.89,66.09,False,True
CC1CS(=O)(=O)c2ccccc2CN1CC(O)CSc1ccccc1,377.53,2.82,1,5,2,57.61,5,0.81,0,3.4,False,False,False,-3.27,0.87,-4.83,0.91,47.25,23.33,0.85,86.43,False,True
CN(c1ccc(Br)cc1)c1ccc(NC2CCCS(=O)(=O)C2)cc1,409.35,4.21,1,4,2,49.41,4,0.82,0,2.79,False,False,False,-4.43,0.7,-4.74,0.73,32.35,16.0,0.85,94.8,False,True
Cn1cc(SCC(=O)Nc2cccc(F)c2I)cn1,391.21,2.89,1,3,2,46.92,4,0.64,0,2.51,False,True,False,-4.39,0.32,-4.6,0.9,116.44,86.18,0.96,91.21,True,True
CS(=O)(=O)C1(CSc2nc(CCC3CCCC3)n[nH]2)CCCCC1,371.57,3.77,1,5,1,75.71,7,0.74,0,3.22,False,False,False,-4.68,0.69,-4.91,0.96,74.74,72.62,0.97,99.4,False,True
CN(Cc1ncc(Cl)s1)C(=O)C(F)c1ccc(I)cc1,424.67,4.07,0,3,2,33.2,4,0.69,0,3.34,False,True,False,-4.57,0.31,-4.66,0.94,68.14,57.17,0.97,93.8,True,True
NC1CC(F)(CNC(=O)C(O)c2cnc(C(F)(F)F)nc2)C1,322.26,0.47,3,5,1,101.13,4,0.7,0,3.73,False,False,False,-0.68,0.04,-5.8,0.65,-24.97,-7.35,0.44,15.66,False,True
O=C(OCCCCCCF)C1=CN2CCS(=O)(=O)N=C2C=C1,330.38,1.56,0,5,0,76.04,7,0.52,0,3.13,False,True,False,-3.11,0.18,-4.77,0.94,19.37,21.47,0.96,73.79,True,True
COc1ccc(OCCn2ccc3cc([N+](=O)[O-])ccc32)c2ccccc12,362.39,4.79,0,4,4,66.53,6,0.37,0,2.15,False,True,False,-6.39,0.88,-4.75,0.94,112.73,107.42,0.96,105.68,True,True
COCc1nnc(NN=Cc2cnc(N3CCCC3)nc2)s1,319.39,1.52,1,9,2,88.42,6,0.64,0,2.73,False,True,False,-3.96,0.2,-5.08,0.86,56.33,49.34,0.94,84.81,True,True
O=S(=O)(CCOc1ccc(F)cc1)Nc1ncc(Cc2cccc(Cl)c2)s1,426.92,4.35,1,5,3,68.29,8,0.58,0,2.3,False,False,False,-5.29,0.61,-4.65,0.66,65.66,46.28,0.85,103.65,False,True
Cc1cccc(COCC(=O)NC(C)(C)CCc2ccccc2)c1,325.45,4.04,1,2,2,38.33,8,0.8,0,2.03,False,False,False,-4.48,0.79,-4.8,0.98,129.52,108.81,0.99,97.81,False,True
COc1cc(CON=Cc2c(F)cccc2F)cc(OC)c1,307.3,3.53,0,4,2,40.05,6,0.61,0,2.29,False,True,False,-4.98,0.66,-4.37,0.97,148.87,122.47,0.99,92.99,True,True
Cn1nc(Br)c(Sc2cc(Br)n[nH]c2=O)n1,367.03,1.57,1,5,2,76.46,2,0.87,0,3.9,False,False,False,-3.01,0.02,-5.09,0.87,14.01,6.33,0.92,87.76,False,False
Cn1cc(Cn2cc(Cl)cc(I)c2=O)nn1,350.55,1.28,0,3,2,52.71,2,0.77,0,2.91,False,True,False,-2.65,0.04,-4.8,0.92,25.26,2.34,0.89,71.57,True,True
CC1(C(N)CNc2ccc(Oc3ccccc3)cc2C(F)(F)F)CC1,350.38,5.04,2,3,2,47.28,6,0.77,0,2.94,False,False,False,-4.74,0.97,-4.65,0.99,36.12,19.96,0.95,96.65,True,True
NC(=O)c1cc(C(=O)NS(=O)(=O)CCCF)c2ccccc2c1,338.36,1.36,2,4,2,106.33,6,0.83,0,2.38,False,False,False,-3.76,0.06,-4.99,0.67,14.79,2.76,0.49,80.31,False,True
CN(CC(=O)OCC#Cc1cccc(Cl)c1Cl)c1ncccn1,350.21,2.81,0,5,2,55.32,4,0.63,0,2.78,False,True,False,-5.16,0.68,-4.4,0.8,116.23,95.6,0.93,98.4,True,True
N#Cc1ccc(C(=O)C=Cc2nccc(Br)c2Br)o1,382.01,3.97,0,4,2,66.89,3,0.6,0,3.21,False,True,False,-5.28,0.13,-4.3,0.6,121.07,96.97,0.97,95.49,True,True
COc1cnc(-c2ncccn2)nc1Sc1cc(C#N)ccc1N,336.38,2.55,1,8,3,110.6,4,0.57,0,2.78,False,True,False,-3.98,0.47,-4.7,0.63,74.55,49.61,0.97,85.65,True,True
c1ncc(N2CCCCCC2)nc1NCC12CCC(COC1)O2,318.42,2.22,1,6,1,59.51,4,0.92,0,4.57,False,False,False,-4.21,0.92,-4.87,0.98,75.09,73.84,0.99,86.49,False,True
CC(C)C1CC(CNC(=O)C(=O)NC2CON(C(=O)OC(C)(C)C)C2)C1,369.46,1.45,2,5,0,96.97,4,0.73,0,3.54,False,True,True,-3.61,0.19,-4.77,0.78,60.79,85.64,0.95,84.59,True,True
CCNC(=O)c1cc(NCC2(C)CCC(F)(F)CC2)c(C)s1,330.44,4.43,2,3,1,41.13,5,0.84,0,3.1,False,False,False,-4.23,0.76,-4.59,0.93,61.25,55.79,0.97,86.47,False,True
O=c1c(NCC2SCCS2)c(N2CCC(CC(F)(F)F)CC2)c1=O,380.46,2.67,1,6,1,49.41,5,0.79,0,3.3,False,True,False,-4.94,0.39,-4.5,0.94,47.81,48.2,0.98,90.25,True,True
Cc1cc(CNc2nncc3ccsc23)ccc1I,381.24,4.22,1,4,3,37.81,3,0.69,0,2.73,False,True,False,-5.47,0.83,-5.0,0.91,102.07,87.65,0.97,99.92,True,True
Cc1ccc(NNC(=O)Cc2nc(Br)sc2C)c(Br)c1,419.14,3.97,2,4,2,54.02,4,0.74,0,2.72,False,True,False,-4.7,0.42,-4.78,0.78,67.27,56.15,0.97,97.23,True,True
C=CCC1CCN(C(=O)C2CSC(c3ccccc3)=N2)C1,300.43,2.97,0,3,1,32.67,4,0.8,0,3.49,False,True,False,-3.99,0.56,-4.57,0.98,92.05,77.59,0.98,85.25,True,True
CC1(C(=O)OC(CF)COc2ccccc2)CS(=O)(=O)C1,316.35,1.38,0,5,1,69.67,6,0.74,0,3.27,False,False,False,-3.14,0.24,-4.25,0.95,88.18,61.24,0.94,83.34,False,True
CC(C)(C)OC(=O)N1CCN(C(=O)c2cnc(Sc3cccnc3)nc2)CC1,401.49,2.72,0,7,2,88.52,3,0.73,0,2.47,False,False,False,-2.31,0.13,-4.64,0.58,59.87,54.67,0.91,74.62,False,True
C=CCS(=O)(=O)CCNCc1nc(C2CCCCC2)c[nH]1,311.45,2.15,2,4,1,74.85,8,0.57,0,3.28,False,True,False,-3.3,0.59,-4.96,0.7,44.57,37.59,0.7,68.49,True,True
Cc1cc(C)nc(CCNC(=O)C(F)=Cc2cccn2C)n1,302.35,2.1,1,3,2,59.81,5,0.86,0,2.89,False,True,False,-1.53,0.31,-4.86,0.93,26.46,20.22,0.95,52.12,True,True
CC1(C)OCC(CONC(=O)NCc2nc(C3CCCCC3)no2)O1,354.41,2.0,2,7,1,107.74,6,0.75,0,3.38,False,True,False,-2.96,0.07,-4.92,0.97,33.46,30.76,0.97,72.38,True,True
Cc1cc(CS(=O)(=O)N(C)c2ccc(F)c(F)c2)on1,302.3,2.23,0,4,2,63.41,4,0.87,0,2.59,False,False,False,-1.76,0.21,-4.23,0.91,34.24,3.08,0.95,60.24,False,True
CCOc1ccnc(NC(=O)c2ccoc2I)n1,359.12,2.33,1,5,2,77.25,4,0.85,0,2.74,False,True,False,-4.33,0.18,-4.53,0.72,95.5,67.43,0.84,91.96,True,True
CN(C)S(=O)(=O)NC(=O)C(OCC1CCCC1)c1ccccc1,340.45,1.86,1,4,1,75.71,7,0.82,0,2.84,False,False,False,-3.59,0.16,-4.91,0.76,44.64,38.14,0.82,92.47,False,True
CC(=O)N1CCOC(C(=O)NCC(=O)Nc2ccncc2)C1,306.32,-0.62,2,5,1,100.63,4,0.77,0,2.69,False,False,False,-0.44,0.12,-5.26,0.84,5.69,-8.96,0.52,16.01,True,False
COc1ccc(OCC(=O)NN=C(C)c2ccccc2C(F)(F)F)cc1,366.34,3.63,1,4,2,59.92,6,0.63,0,2.07,False,True,False,-5.56,0.69,-4.72,0.95,81.66,77.84,0.99,101.62,True,True
O=C(COC(=O)C=C(c1ccccc1)C(F)(F)F)NCC(=O)c1ccccc1Br,470.24,3.94,1,4,2,72.47,7,0.38,0,2.44,False,True,False,-4.99,0.58,-4.63,0.92,111.21,104.17,0.95,100.36,True,True
Fc1ccc(C(NCc2ccc3c(c2)COC3)c2ncc[nH]2)cc1,323.37,3.46,2,3,3,49.94,5,0.76,0,3.05,False,False,False,-3.27,0.83,-5.11,0.56,37.53,25.38,0.62,78.45,False,True
CCN(c1ccc(NC(=O)Nn2cnn(C)c2=O)cc1)C(C)C,318.38,1.59,2,4,2,84.19,5,0.88,0,2.75,False,False,False,-4.33,0.27,-5.09,0.46,37.68,35.92,0.46,86.75,False,True
O=C(Nc1cnc(Oc2ccccc2)nc1)N1CCS(=O)(=O)CCO1,364.38,1.46,1,7,2,110.72,3,0.88,0,2.9,False,False,False,-3.26,0.14,-4.76,0.86,37.83,7.5,0.73,79.13,False,True
CS(=O)(=O)C1(CNC(=O)NCCC2CC(C(F)F)C2)CC(F)(F)C1,374.4,2.18,2,3,0,75.27,7,0.67,0,3.49,False,False,False,-3.15,0.3,-4.68,0.95,32.2,30.76,0.96,65.84,False,True
CN(C)c1ccc([N+](=O)[O-])c(NC(=O)Cc2cscc2C#N)c1,330.37,2.78,1,6,2,99.27,5,0.67,0,2.72,False,True,False,-4.6,0.49,-4.53,0.58,67.01,59.43,0.95,82.56,True,True
O=S1(=O)CCCC(=NNc2ncc(Br)c3ccccc23)CC1,382.28,3.36,1,5,2,71.42,2,0.81,0,2.92,False,True,False,-4.25,0.68,-4.71,0.94,28.28,12.47,0.95,92.0,True,True
O=C(COC1(C(F)(F)F)COC1)Nc1ccc(SC2CCCC2)cc1,375.41,4.01,1,4,1,47.56,6,0.82,0,2.83,False,False,False,-5.49,0.52,-4.8,0.91,76.82,72.87,0.96,99.37,False,True
O=C(O)C1=CCC(CNCc2nncn2Cc2ccccc2)CC1,326.4,2.23,2,4,2,80.04,7,0.82,0,3.05,False,False,False,-2.67,0.16,-5.68,0.5,20.34,12.5,0.16,62.2,False,True
CS(=O)(=O)CCNC(=O)NC(Cc1ccccc1)c1ncco1,337.4,1.3,2,5,2,101.3,7,0.79,0,2.9,False,False,False,-2.28,0.16,-5.04,0.77,40.16,22.14,0.67,57.18,False,True
COC1(OC)COC(CNC(=O)CSc2ccncc2)C1,312.39,1.07,1,6,1,69.68,7,0.6,0,3.43,False,True,True,-0.9,0.25,-4.61,0.88,63.63,28.61,0.94,37.58,True,True
CS(=O)(=O)CCCSc1cncc(OCC2CCCC2)n1,330.48,2.57,0,6,1,69.15,8,0.54,0,2.7,False,True,False,-4.38,0.41,-4.46,0.96,99.81,74.12,0.98,95.23,True,True
Cc1cc(C)cc(NCCC(=O)NCc2ccc(Cl)nn2)c1,318.81,2.87,2,4,2,66.91,6,0.86,0,2.26,False,False,False,-3.13,0.52,-4.98,0.98,83.66,57.23,0.98,87.61,False,True
CC(C)(C)CNC(=O)c1ccc(C(=O)NCC2COC(=O)O2)cc1,334.37,1.73,2,5,1,93.73,5,0.8,0,2.73,False,False,False,-2.83,0.31,-4.75,0.62,38.88,21.5,0.71,60.85,False,True
O=[N+]([O-])c1ncccc1CSCc1ncc(I)cn1,388.19,2.82,0,6,2,81.81,5,0.45,0,3.03,False,True,False,-3.7,0.19,-4.8,0.94,81.39,52.79,0.96,87.43,True,True
O=C(CCn1ncc2cc(Br)ccc21)NS(=O)(=O)CCCF,392.25,1.99,1,4,2,81.06,7,0.78,0,2.67,False,False,False,-3.69,0.18,-4.69,0.87,18.83,5.63,0.87,90.77,False,True
O=C(CNS(=O)(=O)C1CC1)Nc1cn(CC2CCC2)cn1,312.4,0.7,2,4,1,93.09,7,0.77,0,2.75,False,False,False,-2.46,0.39,-5.07,0.88,32.39,21.02,0.82,55.02,False,True
O=S1(=O)NCCCN1Cc1nnc(N2CCCCC2)o1,301.37,0.1,1,6,1,91.57,3,0.85,0,3.19,False,False,False,-2.29,0.23,-5.02,0.98,45.35,40.92,0.97,59.31,False,True
O=C(N=S1(=O)CCOCC1)c1csc(C2CCCCC2)c1,327.47,3.43,0,4,1,55.73,2,0.84,0,3.41,False,False,False,-4.1,0.19,-4.52,0.95,83.15,57.88,0.97,96.74,False,True
COC(=O)CC1(NC(=O)CCNc2ncccn2)CSC1,310.38,0.44,2,7,1,93.21,7,0.71,0,2.85,False,False,False,-2.5,0.18,-4.97,0.7,72.88,51.47,0.5,59.53,False,True
CC1CCN(C(=S)SCC(=O)NC2CN(S(=O)(=O)F)C2)CC1,369.51,0.75,1,5,0,69.72,4,0.58,0,2.92,False,True,True,-2.88,0.28,-4.95,0.89,49.16,77.39,0.94,76.73,True,True
O=C(CN1CC=CS1(=O)=O)NCc1nccnc1Cl,302.74,-0.09,1,5,1,92.26,4,0.84,0,3.36,False,False,False,-1.65,0.02,-4.84,0.94,47.48,34.22,0.79,45.49,True,True
O=C(Cn1cccnc1=O)Nc1cccc(-c2ccncc2)c1,306.32,1.94,1,4,3,76.88,4,0.8,0,2.06,False,False,False,-3.18,0.25,-4.98,0.59,32.65,4.16,0.41,71.06,False,True
CCC1=C(C(=O)NCc2ccc(Br)c(F)c2)SCCO1,360.25,3.59,1,3,1,38.33,4,0.89,0,2.85,False,False,False,-4.51,0.37,-4.45,0.97,110.77,92.84,0.99,91.82,False,True
C#Cc1cc(I)cc(C(=O)OCc2ccnc(C)n2)c1,378.17,2.73,0,4,2,52.08,3,0.47,0,2.69,False,True,False,-4.61,0.31,-4.55,0.88,82.76,55.67,0.96,95.68,True,True
CC(C)Cc1ncc(CNC(=O)NC2(CNS(C)(=O)=O)CC2)s1,360.51,1.22,3,5,1,100.19,8,0.65,0,2.97,False,False,False,-2.45,0.2,-5.1,0.84,43.25,45.84,0.86,65.21,False,True
Clc1ncc(CSCc2ccncc2Br)s1,335.68,4.39,0,4,2,25.78,4,0.83,0,2.89,False,False,False,-3.59,0.4,-4.64,0.9,108.03,73.93,0.97,90.25,False,True
COCC1(NC(=O)NC(Cc2ccc(Cl)cc2)C2CCCCC2)COC1,380.92,3.55,2,3,1,59.59,7,0.76,0,3.13,False,False,False,-4.81,0.84,-4.78,0.96,76.03,65.02,0.98,98.98,False,True
Cc1ccc(NC(=O)CON=C(N)c2cc(F)ccn2)cc1,302.31,1.8,2,4,2,89.6,5,0.5,0,2.29,False,True,False,-3.76,0.63,-4.8,0.89,79.05,60.78,0.94,82.56,True,True
O=C(Nc1ccncc1O)c1c(Br)cncc1Br,373.0,2.96,2,4,2,75.11,2,0.85,0,2.77,False,False,False,-2.82,0.21,-5.04,0.37,49.22,22.18,0.79,77.54,False,True
N#CC(C#N)=CNc1ccc(Sc2nc3ccccc3[nH]2)cc1,317.38,4.06,2,5,3,88.29,4,0.71,0,2.64,False,True,False,-6.09,0.27,-4.69,0.2,49.92,54.34,0.86,101.76,True,True
CN(C(=O)Nc1ccc2c(Cl)csc2c1)c1ncc(Br)cn1,397.69,4.78,1,4,3,58.12,2,0.68,0,2.76,False,False,False,-5.91,0.42,-4.93,0.72,87.86,84.04,0.95,100.04,False,True
CC(Sc1ccc2c(c1)OCCO2)C(=O)c1ccc(F)cc1,318.37,3.96,0,4,2,35.53,4,0.63,0,2.49,False,False,False,-5.05,0.48,-4.38,0.92,127.13,96.94,0.95,99.83,False,True
CC(O)(CNC(=O)C=Cc1ccc(-c2ccccc2F)o1)C1CC1,329.37,3.38,2,3,2,62.47,6,0.8,0,2.93,False,True,False,-4.56,0.78,-4.45,0.93,40.21,30.47,0.95,91.42,True,True
CC1CC(NS(=O)(=O)c2cnc(-c3ccccc3)nc2)CCS1(=O)=O,381.48,1.39,1,6,2,106.09,4,0.86,0,3.41,False,False,False,-3.48,0.13,-5.02,0.74,43.0,30.4,0.73,83.43,False,True
O=C(NCCOc1ccccc1I)c1nnn(-c2ccc(OC(F)(F)F)cc2)n1,519.22,2.97,1,6,3,91.16,7,0.38,0,2.62,False,True,False,-6.23,0.44,-4.86,0.95,29.29,47.75,0.98,101.52,True,True
O=C(NC(CO)c1ccsc1)c1ncc(F)c(Cl)n1,301.73,1.79,2,5,2,75.11,4,0.84,0,3.26,False,False,False,-3.48,0.11,-4.75,0.81,45.12,28.18,0.86,82.93,False,True
Cn1ncnc1Sc1nccc(I)n1,319.13,1.36,0,5,2,56.49,2,0.48,0,3.34,False,True,False,-2.1,0.02,-4.7,0.93,40.72,10.11,0.92,77.15,True,True
Cc1ccc(Br)c(OC(=O)Cc2c(C)ncnc2C)c1,335.2,3.31,0,4,2,52.08,3,0.64,0,2.42,False,True,False,-3.94,0.31,-4.58,0.96,94.22,70.02,0.99,92.62,True,True
CCSc1nc(-c2ccc(C)cc2)c(-c2ccc(C)cc2)[nH]1,308.45,5.47,1,2,3,28.68,4,0.65,0,2.05,False,False,False,-5.98,0.59,-4.9,0.88,117.35,111.45,0.95,103.47,True,True
O=C(O)C(Cc1ncccn1)NCc1ccc(Cl)c(I)c1,417.63,2.52,2,4,2,75.11,6,0.71,0,2.91,False,True,False,-2.67,0.22,-5.39,0.55,11.27,-9.78,0.41,82.58,True,True
Cc1cc(C)cc(CNC(=O)Cc2ccnc(Br)c2)c1,333.23,3.32,1,2,2,41.99,4,0.87,0,2.14,False,True,False,-4.06,0.52,-4.83,0.95,95.37,78.95,0.97,93.39,True,True
CC(C(=O)NC1CCOC(C)(C)OC1)n1nnc(-c2ccccc2)n1,345.4,1.56,1,6,2,91.16,4,0.9,0,3.35,False,False,False,-3.25,0.14,-5.09,0.89,24.26,23.08,0.93,76.6,False,True
O=S1(=O)NCCCN1c1ccc(NCCCC2CC2)cc1,309.44,2.33,2,3,1,61.44,6,0.79,0,2.63,False,True,False,-3.86,0.89,-4.96,0.96,36.07,24.7,0.95,86.65,True,True
Cc1cnc(C(=O)NN=Cc2nc(Br)ccc2C)cn1,334.18,2.01,1,5,2,80.13,3,0.53,0,2.82,False,True,False,-4.04,0.11,-4.75,0.94,55.91,41.18,0.98,88.53,True,True
Cc1cc(C)cc(CCN2CCN(c3ccc(C)o3)C(=O)C2)c1,312.41,3.1,0,3,2,36.69,4,0.87,0,2.52,False,False,False,-4.65,0.93,-4.69,0.99,135.37,111.99,0.99,98.26,False,True
Cc1cc(C(C)(C)C(=O)NCC#Cc2ccc(C(F)(F)F)cc2)on1,350.34,3.45,1,3,2,55.13,3,0.86,0,2.85,False,True,False,-4.61,0.44,-4.58,0.78,40.37,35.14,0.96,94.62,True,True
CS(=O)(=O)N1CC(OC(=O)c2ccc(N3CCCCC3)cc2)C1,338.43,1.48,0,5,1,66.92,4,0.78,0,2.13,False,False,False,-3.75,0.53,-4.58,0.94,90.76,84.48,0.96,82.03,False,True
CC(OC(=O)CC1(S(N)(=O)=O)CC1)C(=O)NCC1CCCCC1,346.45,0.83,2,5,0,115.56,7,0.66,0,3.12,False,False,False,-2.47,0.35,-4.86,0.93,67.63,61.52,0.87,65.02,False,True
Cn1c(COCC(=O)Nn2cc(Br)ccc2=O)n[nH]c1=S,374.22,0.69,2,5,2,93.94,5,0.75,0,3.09,False,True,False,-2.78,0.02,-5.59,0.6,11.49,-0.56,0.38,68.0,True,True
CCOC(=O)c1noc(COC(=O)CNC(=O)CC2CCCCC2)n1,353.38,1.38,1,8,1,120.62,8,0.7,0,2.45,False,False,False,-2.64,0.3,-4.68,0.98,82.2,72.92,0.99,80.97,False,True
O=C(NCc1ncc(C(F)(F)F)cn1)C1(C(F)(F)F)CS(=O)(=O)C1,377.27,1.09,1,5,1,89.02,3,0.8,0,3.13,False,False,False,-2.49,0.01,-4.88,0.8,15.93,8.7,0.74,70.78,False,True
Cc1cccc(C(C)(C)C(=O)OCC(=O)c2cc(F)ccc2C)c1,328.38,4.15,0,3,2,43.37,5,0.61,0,2.15,False,False,False,-5.35,0.57,-4.5,0.96,181.78,158.93,0.98,101.33,False,True
Cc1cc(COC(=O)C=Cc2cn(C)nn2)ccc1Br,336.19,2.64,0,4,2,57.01,4,0.64,0,2.57,False,True,False,-4.25,0.43,-4.74,0.95,95.73,74.65,0.98,96.61,True,True
COc1nnc(CC(=O)OCC(=O)Nc2cccnn2)s1,309.31,0.06,1,9,2,116.19,6,0.74,0,2.7,False,False,False,-2.45,0.02,-4.9,0.82,50.64,40.36,0.72,73.3,False,True
Cc1nccnc1CNCC(O)c1ccc(F)c(Br)c1,340.2,2.51,2,4,2,58.04,5,0.88,0,2.96,False,False,False,-2.15,0.58,-4.69,0.77,24.28,-5.47,0.86,60.2,False,True
CC(NC(=O)CC1CCCCC1)C(=O)NS(=O)(=O)c1ccc(Br)o1,421.31,2.32,2,5,1,105.48,6,0.73,0,3.04,False,False,False,-3.37,0.17,-5.03,0.74,5.11,9.9,0.88,93.21,False,True
O=C(CN1CCS(=O)(=O)C(F)(F)C1)NCc1ccco1,308.31,0.22,1,5,1,79.62,4,0.86,0,2.94,False,False,False,-1.74,0.12,-4.8,0.95,23.56,18.49,0.85,49.12,False,True
O=C(NCc1cscc1Br)Nc1ccnnc1,313.18,2.62,2,4,2,66.91,3,0.92,0,2.87,False,False,False,-3.35,0.29,-4.85,0.81,68.46,41.02,0.93,84.62,False,True
CC1(C(=O)OCc2c(OC(F)F)ccc3ccccc23)CCCCC1(F)F,384.37,5.7,0,3,2,35.53,5,0.49,0,3.27,False,False,False,-6.73,0.42,-4.63,0.97,104.7,106.46,0.97,104.31,True,True
CC1CCC(NC(=O)C(C)SCC2CS(=O)(=O)C2)CC1,319.49,1.85,1,4,0,63.24,5,0.84,0,3.11,False,False,False,-2.68,0.11,-4.54,0.74,63.53,34.11,0.82,59.53,False,True
Cc1ccc(CCCNC(=O)N(C)Cc2cnc(C(C)C)nc2)cc1,340.47,3.68,1,3,2,58.12,7,0.78,0,2.26,False,True,False,-2.88,0.64,-4.87,0.81,97.63,75.24,0.97,83.03,True,True
CC1=CCCCC1Sc1nn(-c2ccccc2)c(=S)s1,320.51,5.25,0,4,2,17.82,3,0.57,0,3.28,False,True,False,-5.55,0.22,-4.8,0.81,139.76,120.3,0.96,103.26,True,True
CCCCCc1ccc(C(=O)CCC(=O)NS(=O)(=O)c2nccn2C)cc1,391.49,2.62,1,5,2,98.13,10,0.5,0,2.41,False,True,False,-4.12,0.29,-5.0,0.55,47.11,41.15,0.78,99.71,True,True
CC(C)(C)c1ccc(CSCC(=O)Nc2nnnn2-c2cccnc2)cc1,382.49,3.23,1,6,3,85.59,6,0.7,0,2.48,False,False,False,-4.82,0.79,-5.06,0.56,101.78,96.24,0.95,99.71,False,True
Cc1cc(C(=O)COc2cc(Cl)c(Cl)cc2Cl)ns1,336.63,4.67,0,4,2,39.19,4,0.6,0,2.73,False,True,False,-5.76,0.21,-4.53,0.93,116.94,101.68,0.98,99.27,True,True
O=C(OCC(=O)N1CCOC1=O)c1cnn(CC2CCC2)c1,307.31,0.82,0,6,1,90.73,5,0.75,0,2.57,False,False,False,-2.85,0.06,-4.39,0.97,104.23,73.79,0.96,71.43,False,True
COc1cccc(OC(F)(F)F)c1S(=O)(=O)NNC(=O)c1ccc(Br)cc1,469.24,2.98,2,5,2,93.73,6,0.64,0,2.36,False,True,False,-4.7,0.52,-4.9,0.58,10.55,20.02,0.89,97.39,True,True
CSc1ccnc(NC(=O)C2CCN2S(=O)(=O)F)n1,306.34,0.43,1,6,1,92.26,4,0.49,0,3.47,False,False,True,-3.15,0.09,-4.76,0.87,46.61,57.98,0.79,74.52,True,True
CP1(=O)CCN(NC(=O)Nc2cnc(-c3ccccc3)s2)CC1,350.38,3.16,2,5,2,74.33,3,0.83,0,3.33,False,True,False,-3.64,0.37,-4.82,0.73,38.66,20.61,0.83,88.75,True,True
CN(Cc1cnco1)C(=O)Nc1cc(Br)ccc1N(C)C,353.22,3.17,1,4,2,61.61,4,0.92,0,2.66,False,False,False,-3.31,0.7,-4.58,0.88,81.4,60.3,0.97,80.03,False,True
CS(=O)(=O)CC=CCNC(=O)c1nnsc1-c1ccccc1,337.43,1.54,1,6,2,89.02,6,0.81,0,2.86,False,True,False,-3.41,0.24,-4.75,0.94,43.91,35.77,0.93,81.84,True,True
COC(=O)C1CC=CC(OC(=O)CCSc2ccnc3cc(Cl)ccc23)C1,405.9,4.42,0,6,2,65.49,6,0.4,0,3.53,False,True,False,-5.03,0.64,-4.54,0.93,118.35,98.49,0.96,99.0,True,True
CC(=O)c1csc(COC(=O)CCNc2ccc(Br)cc2)n1,383.27,3.65,1,6,2,68.29,7,0.58,0,2.27,False,False,False,-4.46,0.63,-4.63,0.96,126.81,96.69,0.98,98.18,False,True
O=c1[nH]cc(S(=O)(=O)Oc2cncc(Cc3ccncc3)c2)cc1Br,422.26,2.29,1,6,3,102.01,5,0.63,0,2.76,False,True,False,-3.83,0.41,-5.06,0.4,41.0,24.85,0.77,92.44,True,True
Cc1ccccc1CC(C)NC(=O)c1ccoc1[Si](C)(C)C,315.49,3.49,1,2,2,42.24,5,0.86,0,2.99,False,True,False,-5.5,0.76,-4.64,0.88,117.09,111.6,0.97,99.57,True,True
CC(C)(C(=O)NNc1ccnnc1)c1ccc(C(F)(F)F)s1,330.33,2.98,2,5,2,66.91,4,0.85,0,3.33,False,True,False,-3.94,0.4,-4.8,0.63,18.26,15.64,0.91,89.02,True,True
O=C(CC(c1ccccc1)C(F)(F)F)OCC1CCS(=O)(=O)C1,350.36,2.7,0,4,1,60.44,5,0.77,0,3.31,False,False,False,-3.02,0.28,-4.29,0.96,53.68,23.17,0.97,77.98,False,True
COc1ccc(CN(C)C(=O)NCc2cc(C)cc(N)c2)cc1F,331.39,3.07,2,3,2,67.59,5,0.83,0,2.16,False,True,False,-3.29,0.87,-4.76,0.88,90.96,70.08,0.95,81.42,True,True
Clc1ccc(Oc2ccccc2)c(NC2CSCCSC2)c1,351.92,5.39,1,4,2,21.26,4,0.8,0,2.44,False,False,False,-5.98,0.69,-4.67,0.95,114.81,87.85,0.96,102.42,True,True
COc1ccc(Br)c(OCC(=O)N(C)c2ccsc2)c1,356.24,3.56,0,4,2,38.77,5,0.82,0,2.4,False,False,False,-4.58,0.61,-4.44,0.95,137.38,109.37,0.97,95.91,False,True
Cc1cc(CNCc2ccc(Cl)cc2Br)c(C)nn1,340.65,3.8,1,3,2,37.81,4,0.92,0,2.43,False,False,False,-1.94,0.85,-4.73,0.98,33.39,4.29,0.98,73.32,False,True
Cc1cc(C2CC2)ccc1COC(=O)Cc1sncc1Br,366.28,4.38,0,4,2,39.19,5,0.74,0,2.8,False,False,False,-5.72,0.44,-4.72,0.95,107.53,102.5,0.97,103.08,False,True
CCC(F)(F)CCNC(=O)c1nc(-c2ccc(Br)cc2)ns1,390.25,4.13,1,4,2,54.88,6,0.81,0,2.83,False,False,False,-5.39,0.31,-4.68,0.92,60.27,54.81,0.98,97.95,False,True
O=C(CS(=O)(=O)C1CC1)OCc1cc(Cc2ccccc2)no1,335.38,1.89,0,6,2,86.47,7,0.72,0,2.49,False,False,False,-3.1,0.19,-4.36,0.95,84.94,57.01,0.96,85.18,False,True
O=C(OCCOP1(=O)CC=CC1)c1csc(NC2CCCCC2)n1,370.41,3.91,1,7,1,77.52,7,0.34,0,3.28,False,True,False,-3.66,0.57,-4.6,0.95,104.55,93.73,0.98,87.6,True,True
O=C(NNC(=O)c1cnsn1)Nc1ccc(OC2CCCCC2)cn1,362.42,2.11,3,7,2,118.13,4,0.72,0,2.71,False,True,False,-4.83,0.27,-5.22,0.44,37.79,34.02,0.62,97.99,True,True
COC1(CNC(=O)Cc2ccc(O)c(N)c2)CS(=O)(=O)C1,314.36,-0.55,3,6,1,118.72,5,0.5,0,2.92,False,True,False,-1.88,0.1,-5.48,0.48,19.77,6.36,0.14,41.75,True,True
O=C(NCCOC1CCS(=O)(=O)C1)N1CCCC(O)CC1,320.41,-0.25,2,5,0,95.94,4,0.7,0,3.26,False,True,False,-0.43,0.05,-4.98,0.79,25.21,-8.62,0.49,11.06,True,True
O=C(O)Cn1nnc(NCc2ccc(OCC3CCCCC3)cc2)n1,345.4,2.33,2,6,2,102.16,8,0.76,0,2.36,False,False,False,-4.06,0.36,-5.48,0.57,18.18,20.69,0.44,97.38,False,True
OCc1noc(-c2csc(I)n2)n1,309.09,1.29,1,6,2,72.04,2,0.85,0,3.19,False,True,False,-2.8,0.12,-4.68,0.95,27.59,0.61,0.97,84.68,True,True
CS(=O)(=O)CCSc1nc(C2CCCCC2)cs1,305.49,3.33,0,5,1,47.03,5,0.78,0,2.62,False,False,False,-4.27,0.42,-4.37,0.96,104.52,77.98,0.97,93.58,False,True
CS(=O)(=O)CCONC(=O)Nc1ccn(CCCN2CCCC2)n1,359.45,0.47,2,6,1,105.56,9,0.49,0,2.71,False,True,False,-1.82,0.22,-5.25,0.86,9.3,-1.64,0.43,30.25,True,True
CS(=O)(=O)c1ncc(NC(=O)c2ccsc2Cl)cn1,317.78,1.85,1,6,2,89.02,3,0.87,0,2.68,False,False,False,-3.32,0.08,-4.84,0.81,41.86,23.18,0.83,83.34,False,True
O=[N+]([O-])c1ccc(COc2ccc(-c3ccc(OCc4cccc(Cl)c4)cc3F)cc2)cc1,463.89,7.21,0,4,4,61.6,8,0.2,0,2.04,False,True,False,-7.89,0.6,-4.79,0.77,106.1,117.22,0.87,107.79,True,True
O=C(C=Cc1cscc1C(F)(F)F)c1nc(CO)c[nH]1,302.28,2.88,2,4,2,65.98,4,0.67,0,3.53,False,True,True,-4.06,0.39,-4.84,0.58,44.16,21.75,0.88,93.21,True,True
Cc1cccc(C(F)(F)F)c1CNc1ccc(-n2nccn2)nc1,333.32,3.6,1,4,3,55.63,4,0.79,0,2.72,False,False,False,-5.33,0.77,-5.14,0.86,69.29,68.66,0.98,99.78,False,True
c1cc(OC2CCCCC2)ncc1CNC1COCCOC1,306.41,2.3,1,5,1,52.61,5,0.9,0,2.52,False,False,False,-2.57,0.46,-4.65,0.92,72.65,37.61,0.97,71.92,False,True
Cc1nc(CN(C)C(=O)Oc2ccc(C(C)(C)C)cc2)n[nH]1,302.38,3.04,1,4,2,71.11,3,0.95,0,2.44,False,False,False,-2.46,0.43,-5.09,0.79,32.57,36.27,0.98,73.66,False,True
CS(=O)(=O)c1ccsc1NC(=O)NCc1cn(CC2CC2)nn1,355.45,1.47,2,6,2,105.98,6,0.82,0,2.72,False,False,False,-3.69,0.06,-4.98,0.77,33.05,30.76,0.78,78.79,False,True
Nc1ccc(-c2coc3c(Cl)cc(Cl)cc23)c2ccccc12,328.2,6.14,1,2,4,39.16,1,0.43,0,2.28,False,True,False,-6.91,0.7,-4.71,0.82,38.52,45.47,0.92,99.59,True,True
COc1ccnc(CNc2cc(=O)[nH]cc2I)c1F,375.14,2.13,2,4,2,67.01,4,0.8,0,2.97,False,True,False,-3.83,0.22,-4.75,0.71,56.43,28.17,0.85,83.4,True,True
CC(=O)Nc1ccc(NC(=S)N2CCCCC2C(F)F)cc1,327.4,3.46,2,2,1,44.37,3,0.83,0,2.75,False,True,False,-3.99,0.36,-4.74,0.74,39.25,26.41,0.9,82.97,True,True
Cc1nc(NNC(=O)C=Cc2ccncc2Br)ncc1C(=O)O,378.19,1.8,3,6,2,117.1,5,0.54,0,2.75,False,True,False,-3.32,0.07,-5.46,0.21,9.83,0.62,0.05,82.94,True,True
Brc1ccc2ncc(Oc3ccnc4ccccc34)cc2c1,351.2,5.34,0,3,4,35.01,2,0.49,0,2.07,False,False,False,-5.53,0.53,-4.72,0.92,84.47,63.25,0.96,97.62,True,True
O=C(c1ccncc1)c1nccn1CCSc1cccc(F)c1,327.38,3.44,0,4,3,47.78,6,0.51,0,2.46,False,False,True,-4.47,0.84,-4.49,0.85,85.56,61.75,0.94,91.79,True,True
CN(Cc1ccc(C#N)cc1)c1ncnc(N2CCN(Cc3ccc(F)cc3F)CC2)n1,435.48,2.98,0,7,3,72.18,6,0.59,0,2.52,False,False,False,-5.76,0.95,-4.91,0.89,76.29,95.77,0.96,98.71,False,True
CC(CSC(C)c1cnccn1)c1ccc(C(F)(F)F)cc1,326.39,5.09,0,3,2,25.78,5,0.76,0,3.36,False,False,False,-4.28,0.73,-4.75,0.86,74.25,55.47,0.97,92.64,True,True
COC(=O)c1nnsc1CSc1ccc(C2CCCCC2)cc1,348.49,4.66,0,6,2,52.08,5,0.58,0,2.57,False,False,False,-5.67,0.46,-4.74,0.93,116.02,108.54,0.96,104.9,False,True
Cn1ccnc1SCC(=O)NCc1cnn2ccn(C)c12,304.38,0.81,1,4,3,69.15,5,0.71,0,2.88,False,False,False,-1.95,0.21,-4.99,0.79,71.33,55.79,0.85,60.25,False,True
C[S+]([O-])Cc1ccc(CNC(=O)c2cnc3nccn3c2)cc1,328.4,1.54,1,4,3,82.35,5,0.72,0,3.36,False,True,False,-2.32,0.17,-5.25,0.65,35.77,21.39,0.57,54.59,True,True
Cc1ncc(CO)c(CSCc2cc(OC(C)C)ccn2)c1O,334.44,3.2,2,6,2,75.47,7,0.81,0,2.79,False,False,False,-2.37,0.6,-4.93,0.61,101.28,64.43,0.9,77.42,False,True
CN1C(=O)CN(NC(=O)C(=O)Nc2cnc(C3CCCCC3)nc2)C1=O,360.37,0.39,2,6,1,124.6,3,0.59,0,2.96,False,True,True,-3.84,0.03,-5.1,0.6,7.58,12.96,0.34,80.85,True,True
O=C(NOCc1ccc(C(F)(F)F)cc1)C1CCCS1(=O)=O,337.32,1.83,1,4,1,72.47,4,0.85,0,3.26,False,True,False,-2.95,0.16,-4.5,0.93,17.65,-0.27,0.94,82.3,True,True
Cc1nc(Br)c(NCCC(=O)Nc2ccc(Br)cc2)nc1C,428.13,4.06,2,4,2,66.91,5,0.75,0,2.34,False,False,False,-4.85,0.72,-4.93,0.89,67.81,62.93,0.97,97.3,False,True
COc1nccc(CSCc2cc(Cl)c(C)c(Br)c2)n1,373.7,4.64,0,4,2,35.01,5,0.76,0,2.72,False,False,False,-5.01,0.71,-4.67,0.91,117.36,87.78,0.98,95.64,False,True
CC(C)(NC(=O)CC1OCCO1)C(=O)NOCCCCCC1CC1,342.44,1.66,2,5,0,85.89,11,0.44,0,3.06,False,True,False,-2.57,0.11,-4.7,0.97,40.54,27.65,0.96,62.52,True,True
CC(ONC(=O)CCC(=O)Nc1c(F)cccc1F)c1ccncc1,349.34,2.89,2,4,2,80.32,7,0.75,0,2.94,False,True,False,-1.79,0.37,-4.54,0.81,21.81,9.77,0.82,48.13,True,True
C#CCn1nc(CNC(=O)CNC(=O)C2CCCCC2)oc1=O,320.35,-0.22,2,5,1,106.23,6,0.71,0,2.7,False,True,False,-2.57,0.07,-5.08,0.88,16.86,17.84,0.78,62.84,True,True
Cc1ccc(NCC(=O)Nc2ncccn2)cc1I,368.18,2.44,2,4,2,66.91,4,0.81,0,2.22,False,True,False,-4.23,0.66,-4.79,0.82,56.75,28.49,0.92,92.1,True,True
Clc1nc(Sc2ccccc2)sc1CNC1CCC2(C1)OCCO2,382.94,4.33,1,6,2,43.38,5,0.83,0,3.81,False,False,False,-4.03,0.51,-4.7,0.96,57.14,34.31,0.98,94.98,False,True
CC(C)(O)c1cccc(C(=O)NCCN2C(=O)CSC2=O)c1,322.39,1.34,2,5,1,86.71,5,0.85,0,2.36,False,True,False,-3.11,0.14,-4.74,0.86,50.9,35.52,0.92,59.72,True,True
Brc1cnccc1Cn1ccnc1-c1cnccn1,316.16,2.55,0,4,3,56.49,3,0.75,0,2.6,False,False,False,-1.87,0.3,-4.82,0.76,57.38,29.29,0.93,60.13,False,True
Nc1nc(CNC(=O)NC2CCCS(=O)(=O)C2)cs1,304.4,0.1,3,6,1,114.18,3,0.73,0,3.04,False,False,False,-1.67,0.05,-5.46,0.66,16.87,-2.43,0.31,40.02,False,True
Cn1cnc(C(=O)Nc2ncn(C(C)(C)C)n2)c1Br,327.19,1.78,1,4,2,77.63,2,0.91,0,3.23,False,False,False,-3.47,0.18,-4.78,0.64,58.33,54.16,0.92,77.72,False,True
Cc1cnc(CCN(C)Cc2c(C)ccc(Br)c2C)s1,353.33,4.51,0,3,2,16.13,5,0.79,0,2.72,False,False,False,-4.55,0.9,-4.7,0.98,110.37,90.89,0.98,95.76,False,True
CCN(CC(=O)NS(=O)(=O)C1CC2C=CC1C2)CC(=O)N1CCCCCC1,397.54,1.12,1,5,0,86.79,7,0.65,0,4.49,False,True,False,-2.69,0.56,-4.87,0.88,48.95,43.58,0.87,70.52,True,True
COc1ccc(F)cc1CC(=O)Nc1cnc(OC(C)(C)C)nc1,333.36,2.98,1,5,2,73.34,5,0.91,0,2.35,False,False,False,-4.86,0.64,-4.53,0.72,72.82,63.63,0.99,94.06,False,True
O=C(NNc1cncc(Cl)n1)c1cc(Cl)ccc1Cl,317.56,3.19,2,4,2,66.91,3,0.85,0,2.37,False,True,False,-4.49,0.37,-4.88,0.57,57.78,39.39,0.93,92.79,True,True
FC1(F)CC(NC(=S)N=c2sccn2Cc2ccccc2Cl)C1,373.88,3.82,1,2,2,29.32,3,0.83,0,2.97,False,True,False,-4.36,0.39,-4.78,0.77,43.28,47.65,0.96,92.34,True,True
O=S1(=O)CCC(=Cc2nnc(Cc3ccccc3F)s2)CC1,338.43,2.86,0,5,2,59.92,3,0.86,0,3.11,False,False,False,-3.51,0.18,-4.54,0.88,38.0,18.8,0.92,89.01,False,True
COc1cccc(NNC(=O)C(C)Nc2ccc(Cl)cc2Cl)n1,355.23,3.34,3,5,2,75.28,6,0.69,0,2.78,False,True,False,-5.16,0.77,-4.92,0.73,55.69,53.98,0.95,97.78,True,True
C#Cc1ccccc1Cc1nc(CC(=O)N2CCS(=O)(=O)CC2)no1,359.41,0.44,0,6,2,93.37,4,0.74,0,2.87,False,True,False,-2.64,0.11,-4.65,0.77,40.55,13.01,0.75,70.76,True,True
CCCCCOc1ccc(OC(=O)C2CCN(C)S2(=O)=O)cc1,341.43,2.19,0,5,1,72.91,7,0.43,0,3.17,False,True,False,-4.11,0.27,-4.37,0.89,92.5,67.84,0.96,94.47,True,True
CC1=C(C)C(=O)N(CCC(=O)NCC(C)(C)c2ccncc2)C1=O,329.4,1.57,1,4,1,79.37,6,0.8,0,2.57,False,True,False,-2.7,0.77,-4.46,0.79,75.15,59.78,0.95,55.68,True,True
CC(=O)c1ccc(NC(=S)NNC2(C)CCS(=O)(=O)C2)cc1,341.46,1.26,3,5,1,87.3,4,0.43,0,3.14,False,True,False,-3.14,0.36,-5.18,0.74,9.77,10.9,0.69,66.27,True,False
Cc1onc(CON=C(N)c2ccsc2)c1Br,316.18,2.64,1,5,2,73.64,4,0.53,0,3.16,False,True,False,-3.56,0.63,-4.6,0.95,79.05,55.83,0.97,85.14,True,True
CS(=O)(=O)CCOC(=O)N1NC(=O)CC12CCCCCC2,318.4,1.0,1,5,0,92.78,3,0.84,0,3.58,False,False,False,-1.77,0.08,-4.74,0.89,27.35,15.36,0.8,48.54,False,True
Clc1cc(Cl)cc(SCc2nc(-c3nc[nH]n3)no2)c1,328.18,3.45,1,6,3,80.49,4,0.74,0,3.1,False,False,False,-5.1,0.41,-4.84,0.78,36.33,19.75,0.98,97.09,False,True
Nc1c(SCc2sc3ccccc3c2Br)ccc2ccccc12,400.37,6.69,1,3,4,26.02,3,0.31,0,2.47,False,True,False,-6.81,0.5,-4.74,0.86,111.17,101.27,0.92,103.83,True,True
CCC(CSc1ccc(C)c(C)c1)Nc1cc(N(C)C)cnn1,330.5,4.14,1,5,2,41.05,7,0.77,0,3.2,False,False,False,-4.79,0.84,-5.01,0.85,80.91,77.05,0.98,98.95,False,True
COc1cc(NC(=O)N2CCCN(Cc3ccccc3)CC(F)(F)C2)sn1,396.46,3.53,1,5,2,57.7,4,0.86,0,2.8,False,False,False,-3.94,0.87,-4.89,0.93,55.91,59.77,0.94,89.29,False,True
COC(=O)c1nnc(CCNC(=O)NCc2cccnc2)s1,321.36,0.76,2,7,2,106.1,6,0.76,0,2.36,False,False,False,-1.56,0.11,-5.24,0.85,40.69,28.18,0.89,61.44,False,True
Cc1cc(I)ccc1C(=O)NNC(=O)c1cn(C)nc1N,399.19,0.99,3,4,2,102.04,2,0.52,0,2.48,False,True,False,-4.29,0.13,-4.95,0.55,10.26,-2.67,0.5,89.77,True,True
N#Cc1ccc(CNC(=O)c2ccsc2Br)o1,311.16,2.91,1,4,2,66.03,3,0.95,0,2.84,False,False,False,-3.72,0.17,-4.39,0.87,106.32,76.98,0.98,82.82,False,True
COc1ccc(CSCc2cccnc2Br)nn1,326.22,3.08,0,5,2,47.9,5,0.79,0,2.71,False,True,False,-2.68,0.09,-4.59,0.93,97.77,62.44,0.98,79.49,True,True
O=C(Nc1oncc1-c1ccccc1)C1CCS(=O)(=O)CC1,320.37,2.1,1,5,2,89.27,3,0.94,0,2.58,False,False,False,-3.39,0.17,-4.67,0.88,25.72,7.36,0.77,78.63,False,True
CSc1nc(NC(=O)N(C)Cc2ccnc(Br)c2F)cc(N(C)C)n1,429.32,3.23,1,6,2,74.25,5,0.45,0,3.02,False,True,False,-4.48,0.49,-4.73,0.78,75.89,87.86,0.96,89.82,True,True
Cc1ccc(NC(=O)CSCC(=O)OCc2sccc2Br)c(C)c1,428.37,4.54,1,5,2,55.4,7,0.66,0,2.31,False,False,False,-5.31,0.62,-4.86,0.91,150.3,143.61,0.96,102.31,False,True
CCOC(=O)C=CCN1CCC(Oc2cnc3ccccc3n2)CC1,341.41,2.59,0,6,2,64.55,6,0.59,0,2.46,False,True,False,-3.06,0.75,-4.6,0.96,92.06,71.4,0.93,78.32,True,True
Cn1cccc(NC(=O)Nc2cccc(S(=O)(=O)F)c2)c1=O,325.32,1.69,2,4,2,97.27,3,0.84,0,2.25,False,False,True,-3.42,0.07,-5.05,0.67,-2.21,1.61,0.45,61.64,True,True
O=C(COc1cc(Br)cnc1F)Nc1ncccn1,327.11,1.79,1,5,2,77.0,4,0.87,0,2.41,False,True,False,-3.84,0.16,-4.56,0.86,66.27,49.25,0.88,85.79,True,True
COc1cc(CS(=O)(=O)c2ccc(N(C)C)cc2)cc(OC)c1,335.43,2.74,0,5,2,55.84,6,0.81,0,2.02,False,False,False,-4.0,0.83,-4.65,0.76,89.11,69.78,0.94,89.25,False,True
CN(C)c1cnc(C(=O)Nc2cc(Cl)nc(Cl)c2)nc1,312.16,2.5,1,5,2,71.01,3,0.88,0,2.68,False,True,False,-4.28,0.44,-4.83,0.66,44.54,28.73,0.94,90.38,True,True
CC(C)c1ccc(Nc2nnc(Sc3ccc(C#N)c4ccccc34)s2)cc1,402.55,6.58,1,6,4,61.6,5,0.41,0,2.41,False,False,False,-6.65,0.34,-4.99,0.28,105.36,104.37,0.82,105.0,True,True
CCN(CC(=O)NCc1ccc(F)cc1)C(=O)Cn1c(C)ccc1C,345.42,2.41,1,2,2,54.34,7,0.84,0,2.21,False,False,False,-2.57,0.83,-4.61,0.97,113.43,87.04,0.98,71.72,False,True
OC(c1ccc(C=Cc2ccncc2F)cc1)C1(c2ccccc2)CC1,345.42,5.16,1,2,3,33.12,5,0.69,0,3.0,False,False,False,-5.48,0.75,-4.8,0.68,75.61,68.06,0.84,100.9,True,True
CCc1ccnc(Sc2nc(-c3ccc4c(c3)OCCO4)n[nH]2)n1,341.4,2.75,1,7,3,85.81,4,0.73,0,2.82,False,False,False,-3.9,0.37,-4.94,0.72,69.85,45.17,0.96,96.99,False,True
CCc1nsc(CC(=O)NNC(=O)c2cc[nH]c(=O)c2)n1,307.34,-0.21,3,6,2,116.84,4,0.68,0,2.84,False,True,False,-2.29,0.01,-5.48,0.46,0.74,-9.95,0.14,55.79,True,True
CN(C)c1nccnc1NCc1ccc(F)c(I)c1,372.18,2.9,1,4,2,41.05,4,0.84,0,2.59,False,True,False,-5.04,0.76,-4.74,0.87,106.12,93.23,0.95,96.09,True,True
NCc1ncc(C(=O)Nc2csnc2Br)o1,303.14,1.6,2,6,2,94.04,3,0.9,0,3.38,False,False,False,-2.22,0.15,-4.96,0.88,23.69,-2.64,0.95,66.86,False,True
CCS(=O)(=O)CNC(=O)Nc1nc(-c2ccc(Cl)cc2)no1,344.78,1.9,2,6,2,114.19,5,0.86,0,2.57,False,False,False,-4.1,0.49,-4.78,0.86,15.26,13.99,0.87,94.14,False,True
O=C(OCC#CC1CCCCC1)c1coc2c1CS(=O)(=O)C2,322.38,2.45,0,5,1,73.58,2,0.62,0,3.45,False,True,False,-4.01,0.27,-4.38,0.88,47.35,40.68,0.94,95.5,True,True
CC(C)N(CC(=O)Nc1ccc(F)cc1)Cc1ncc(-c2nnn[nH]2)c(N)n1,385.41,1.23,3,8,3,138.6,7,0.55,0,2.85,False,False,False,-4.22,0.32,-5.65,0.57,30.4,26.99,0.33,83.11,False,True
c1ccc(CSCc2nc(-n3nnc4ccccc43)no2)cc1,323.38,3.24,0,6,4,69.63,5,0.56,0,2.4,False,False,False,-5.01,0.57,-4.91,0.94,111.93,94.03,0.98,100.61,False,True
CN(C(=O)OC(C)(C)C)c1ccc(NC(=O)C(F)Oc2cncnc2)cc1,376.39,3.16,1,6,2,93.65,5,0.86,0,3.11,False,False,True,-3.93,0.52,-4.97,0.23,58.8,72.24,0.79,86.21,True,True
O=C(NCCC1SCCS1)C(=O)NCC1CCCC(F)(F)CC1,366.5,2.63,2,4,0,58.2,5,0.58,0,3.53,False,True,True,-3.49,0.21,-4.82,0.97,36.1,40.45,0.98,69.61,True,True
O=C(CC1CC=CCC1C(=O)O)NC(c1ccccc1)c1ccoc1,339.39,3.54,2,3,2,79.54,6,0.79,0,3.57,False,True,False,-3.06,0.17,-5.36,0.33,12.25,5.1,0.3,79.71,True,True
O=C(Cc1ccccc1)OCCS(=O)(=O)c1ccc(OCc2ccccc2)nn1,412.47,2.62,0,7,3,95.45,9,0.5,0,2.28,False,False,False,-5.16,0.34,-4.63,0.9,119.1,104.46,0.9,104.84,False,True
O=S1(=O)CCCC(Sc2cc(Oc3ccccc3Br)ncn2)C1,415.33,3.7,0,6,2,69.15,4,0.71,0,3.26,False,False,False,-3.94,0.09,-4.39,0.86,59.73,22.66,0.9,92.56,False,True
O=S(=O)(CF)NCc1cc(Oc2cccc(Cl)c2)ccn1,330.77,2.87,1,4,2,68.29,6,0.88,0,2.42,False,False,False,-4.05,0.43,-4.62,0.96,47.65,36.13,0.97,92.98,False,True
Cc1cc(CCC(=O)Nc2ccc(Cl)c(I)c2)on1,390.61,3.81,1,3,2,55.13,4,0.81,0,2.28,False,True,False,-4.63,0.5,-4.56,0.95,80.04,51.99,0.98,92.64,True,True
CCCSc1nsc(NC(=O)COc2cccc(C3CCCC3)c2)n1,377.54,4.72,1,6,2,64.11,8,0.67,0,2.42,False,False,False,-6.58,0.45,-4.84,0.82,106.51,110.87,0.95,106.03,False,True
CS(=O)(=O)CNC(=O)Nc1csc(N2CCCCC2)n1,318.42,1.26,2,6,1,91.4,4,0.87,0,2.69,False,False,False,-2.91,0.51,-5.1,0.9,17.35,24.0,0.93,79.02,False,True
C=C(Cc1ccccc1Cl)C(=O)NCC1(C)CCS(=O)(=O)CC1,355.89,2.77,1,3,1,63.24,5,0.83,0,2.96,False,True,True,-3.38,0.5,-4.49,0.89,48.34,30.44,0.92,77.53,True,True
CCC(Sc1ccccc1)C(=O)N1CCCNC(=O)C(F)(F)C1,342.41,2.54,1,3,1,49.41,4,0.86,0,3.21,False,False,False,-2.18,0.42,-4.59,0.96,20.2,27.8,0.98,58.87,False,True
COC(=O)C1COCC1C(=O)OC(c1ncccn1)C1CCCC1,334.37,1.69,0,7,1,87.61,5,0.76,0,3.86,False,False,False,-1.76,0.31,-4.68,0.92,52.88,27.49,0.9,60.07,False,True
Cc1nnsc1CNC(=O)C1CC(=O)NC2CCCCC21,308.41,1.16,2,5,1,83.98,3,0.88,0,3.9,False,False,False,-1.55,0.14,-5.14,0.93,9.91,2.44,0.88,42.66,False,False
O=C(NCCc1csc(CC2CCCC2)n1)c1cc(=O)cc(O)o1,348.42,2.51,2,6,2,92.43,6,0.84,0,2.85,False,False,False,-3.64,0.44,-4.93,0.63,77.95,52.53,0.85,92.41,False,True
COC(=O)C(Cn1cc(Br)cn1)NC(C)c1c(C)cccc1C,380.29,3.15,1,4,2,56.15,6,0.78,0,3.28,False,False,False,-3.82,0.7,-4.89,0.94,97.05,81.45,0.99,92.5,False,True
CC1CCCC1N(CCc1ccccn1)C(=S)NC1C=CS(=O)(=O)C1,379.55,2.3,1,4,1,62.3,5,0.79,0,3.94,False,True,False,-2.85,0.52,-4.95,0.78,33.6,39.24,0.88,72.3,True,True
CC(=NNC(=O)c1ncc(Br)cn1)c1nccn1C,323.15,1.13,1,5,2,85.06,3,0.68,0,2.97,False,True,False,-3.69,0.1,-4.92,0.92,29.58,24.24,0.95,80.89,True,True
CC(OC(=O)Cc1cccc(C(F)(F)F)n1)c1ccc(F)cn1,328.26,3.48,0,4,2,52.08,4,0.64,0,3.03,False,False,False,-2.48,0.29,-4.4,0.97,51.99,30.61,0.99,75.9,False,True
O=C1C(=Cc2ccc(C3CCC3)cc2)Cc2cccc3cccc1c23,324.42,5.93,0,1,3,17.07,2,0.53,0,2.29,False,True,False,-7.19,0.43,-4.82,0.77,90.08,97.55,0.89,104.52,True,True
Cn1nnc(Cn2cc(C(O)c3ccc(Cl)cc3)nn2)n1,305.73,0.58,1,6,3,94.54,4,0.76,0,3.17,False,False,False,-2.68,0.03,-5.67,0.69,13.23,5.55,0.56,73.85,False,False
COc1ccc(OCCSC(C)c2ccc(Cl)cc2F)cc1,340.85,5.36,0,3,2,18.46,7,0.63,0,2.54,False,True,False,-5.39,0.69,-4.56,0.93,132.85,104.58,0.94,96.75,True,True
CC(C)CC(C(=O)NCC1(C)CS(=O)(=O)C1)n1ccnc1,313.42,1.02,1,4,1,81.06,6,0.85,0,3.56,False,False,False,-1.48,0.24,-4.85,0.55,39.67,20.72,0.61,38.22,False,True
C[Si](C)(CNC(=O)c1cccc2cnsc12)c1ccccc1,326.5,3.18,1,3,3,41.99,4,0.75,0,2.87,False,True,False,-5.62,0.85,-4.77,0.83,113.39,102.09,0.91,102.56,True,True
CCOC(=O)c1nnc(CNc2nc(N)nc(C3CCCCC3)n2)o1,347.38,1.67,2,10,2,141.94,6,0.74,0,2.76,False,False,False,-4.04,0.55,-5.07,0.84,58.24,56.15,0.89,92.99,True,True
CCN(C(=O)NC(C)C(=O)N1CCS(=O)(=O)CC1)C1CC1,317.41,-0.17,1,4,0,86.79,4,0.78,0,3.08,False,False,False,-0.5,0.03,-4.79,0.85,26.83,3.45,0.55,17.98,True,True
CN(Cc1ccc(C2(F)COC2)cc1)C(C#N)c1ccc(O)cc1,326.37,3.28,1,4,2,56.49,5,0.92,0,3.25,False,False,False,-3.92,0.69,-4.96,0.52,85.83,80.05,0.57,84.17,False,True
CN(C)c1ncc(CNCc2c(F)cccc2I)s1,391.25,3.24,1,4,2,28.16,5,0.79,0,2.68,False,True,False,-4.1,0.85,-4.68,0.93,87.72,69.1,0.97,91.88,True,True
Cn1cc(NC(=O)Nc2nc3sc(Br)cn3n2)cn1,342.18,1.93,2,5,3,89.14,2,0.74,0,3.01,False,False,False,-4.2,0.3,-4.97,0.57,41.45,25.18,0.85,91.99,False,True
Cc1nc(Cc2noc(CCc3sccc3Br)n2)cs1,370.3,4.03,0,6,3,51.81,5,0.68,0,2.79,False,False,False,-3.72,0.55,-4.68,0.95,76.68,49.82,0.99,94.06,False,True
CC(SCc1cnn(C(C)(C)C)c1)c1cc(F)ccc1Br,371.32,5.53,0,2,2,17.82,4,0.7,0,3.28,False,False,False,-4.93,0.66,-4.73,0.83,123.76,111.42,0.97,94.26,True,True
Cc1cc(Br)ccc1OCC(=O)OCc1conc1C(C)(C)C,382.25,4.17,0,5,2,61.56,5,0.73,0,2.61,False,False,False,-5.91,0.51,-4.67,0.94,137.91,140.92,0.99,102.66,False,True
COc1cc(C)c(OC(=O)c2nnc(C)cc2Cl)c(C)c1,306.75,3.28,0,5,2,61.31,3,0.64,0,2.45,False,True,True,-4.11,0.2,-4.56,0.93,117.51,95.26,0.99,93.5,True,True
O=C(Cn1nc(Oc2ccccc2)ccc1=O)N1CCS(=O)(=O)CC1,363.4,0.29,0,6,2,98.57,4,0.77,0,2.43,False,False,False,-2.31,0.04,-4.64,0.82,55.11,16.96,0.54,65.03,False,True
O=C(Cc1noc2ccc(Cl)cc12)NN1CCS(=O)(=O)CC1,343.79,0.79,1,6,2,92.51,3,0.89,0,2.86,False,False,False,-3.14,0.13,-4.66,0.88,25.05,-1.11,0.74,82.33,False,True
CS(=O)(=O)N=S1(=O)CCN(Cc2nccn2-c2ccccc2Cl)CC1,402.93,1.77,0,5,2,84.63,4,0.78,0,3.12,False,False,False,-1.8,0.52,-5.28,0.85,0.76,1.67,0.77,71.63,False,False
C#CC1(CCNC(=O)CSc2nccc3ccccc23)CC1,310.42,3.25,1,3,2,41.99,6,0.66,0,2.7,False,True,False,-4.45,0.58,-4.5,0.92,114.82,86.74,0.94,93.35,True,True
CC1(CS(=O)(=O)Nc2ccc(C3CCC34CCC4)cc2)CC1,319.47,4.28,1,2,1,46.17,5,0.88,0,3.72,False,False,False,-5.17,0.81,-4.61,0.95,50.04,39.9,0.93,100.01,False,True
Cc1sncc1C(=O)CN(Cc1ccc(C#N)cc1)c1ccccc1,347.44,4.21,0,5,3,56.99,6,0.63,0,2.59,False,False,False,-4.99,0.67,-4.75,0.72,119.98,103.12,0.88,98.54,False,True
O=C1CSCC(C(=O)Oc2ccc(OC3CCC3)cc2)N1,307.37,1.75,1,5,1,64.63,4,0.68,0,2.96,False,True,False,-3.7,0.16,-4.59,0.87,67.3,39.03,0.94,90.63,True,True
O=c1c2ccccc2ccn1CCS(=O)(=O)NCCSSc1ccccn1,421.57,2.76,1,6,3,81.06,9,0.42,0,2.68,False,True,True,-4.1,0.52,-4.83,0.83,95.26,74.94,0.88,91.91,True,True
CCCCCOc1ccc(COC(=O)C2SCCS2)cc1,326.48,4.1,0,5,1,35.53,8,0.53,0,2.38,False,True,False,-5.21,0.26,-4.67,0.96,128.82,109.92,0.98,103.55,True,True
CN(Cc1ncc[nH]1)C(=O)c1ccncc1I,342.14,1.68,1,3,2,61.88,3,0.86,0,2.69,False,True,False,-1.77,0.14,-4.87,0.61,34.41,10.39,0.66,48.73,True,True
NC1(CC(=O)NOCCCCCC2CC2)CS(=O)(=O)C1,304.41,0.52,2,5,0,98.49,9,0.48,0,3.07,False,True,False,-2.21,0.1,-5.04,0.89,34.45,9.04,0.75,60.58,True,True
COc1cc(Cn2nc(Br)nc2Br)ccn1,348.0,2.25,0,4,2,52.83,3,0.85,0,2.78,False,False,False,-2.82,0.13,-4.82,0.93,24.41,26.06,0.98,78.51,False,True
O=S(=O)(CCC(O)c1ccccc1)Cc1coc(Cc2ccccc2)n1,371.46,3.3,1,5,3,80.4,8,0.66,0,2.85,False,False,False,-4.04,0.53,-4.68,0.81,83.06,52.09,0.84,95.22,False,True
N#Cc1ccc(-c2nccc3cccc(Br)c23)c2ccccc12,359.23,5.69,0,2,4,36.68,1,0.44,0,2.3,False,False,False,-6.9,0.4,-4.63,0.73,99.96,87.47,0.93,101.99,True,True
COc1cc(C=CC(=O)c2cc(C)c(Br)s2)c(F)cn1,356.22,4.26,0,4,2,39.19,4,0.61,0,2.9,False,True,False,-5.86,0.3,-4.52,0.82,127.35,116.51,0.98,100.14,True,True
CCOc1cccc(CNC(=O)CSCc2ccc3c(c2)OC(F)(F)O3)c1,395.43,3.96,1,5,2,56.79,8,0.73,0,2.38,False,False,False,-5.08,0.86,-4.77,0.91,103.38,92.21,0.95,99.89,False,True
NC1(CCNc2cc(Br)cnc2OCCO)CCCC1,344.25,2.29,3,5,1,80.4,7,0.71,0,2.84,False,False,False,-1.75,0.65,-4.91,0.89,18.59,-15.16,0.84,55.05,False,True
O=S(=O)(NCc1ncc(-c2ccccc2)s1)N1CC2CC1CN2,350.47,1.19,2,5,2,74.33,5,0.85,0,4.31,False,False,False,-3.07,0.74,-5.13,0.91,63.63,46.68,0.85,85.37,False,True
CC(NCCOC1CCS(=O)(=O)CC1)c1ncn(-c2ccccc2)n1,364.47,1.51,1,6,2,86.11,7,0.75,0,3.22,False,True,False,-2.28,0.47,-5.21,0.86,26.43,6.65,0.81,49.29,True,True
CS(=O)(=O)NCCC(=O)OCc1cnc2ccccc2n1,309.35,0.61,1,6,2,98.25,6,0.79,0,2.22,False,False,False,-1.9,0.12,-4.86,0.97,63.32,38.89,0.95,57.97,False,True
CS(=O)(=NC(=O)c1cc(CN)[nH]n1)c1ccc(Br)cn1,358.22,1.32,2,5,2,114.09,3,0.86,0,3.74,False,False,False,-2.65,0.04,-5.43,0.75,11.11,-2.67,0.8,73.73,False,False
N#Cc1nonc1NC(=O)Nc1cccc(N2CCC(O)CC2)c1,328.33,1.55,3,7,2,127.31,3,0.78,0,2.63,False,False,False,-4.65,0.49,-5.03,0.47,22.08,11.45,0.86,85.39,False,True
COc1cnccc1NC(=O)NCC1(S(N)(=O)=O)CC1,300.34,0.03,3,5,1,123.41,5,0.71,0,2.77,False,False,False,-1.58,0.15,-5.31,0.84,14.45,16.55,0.75,38.14,False,False
CC1(NCc2ccc(-c3ccccc3)cc2)CCS(=O)(=O)CC1,329.47,3.41,1,3,2,46.17,4,0.93,0,2.22,False,False,False,-3.67,0.8,-4.73,0.96,47.87,16.88,0.92,87.17,False,True
CC1(NC(=O)C2CC(c3cccc(Br)c3)=NO2)CC=CCC1,363.26,3.56,1,3,1,50.69,3,0.84,0,3.75,False,True,False,-4.57,0.65,-4.65,0.97,38.94,28.84,0.98,95.1,True,True
N#Cc1ccc(Cn2cnc(NS(=O)(=O)CCOCc3ccccc3)n2)cc1,397.46,2.16,1,6,3,109.9,9,0.55,0,2.42,False,True,False,-3.16,0.39,-5.17,0.4,26.7,14.31,0.63,86.57,True,True
O=C(NCCC(=O)N1CCCCCC1)NCCn1cnc(-c2nnn[nH]2)n1,376.43,-0.45,3,7,2,146.61,7,0.59,0,2.87,False,False,False,-2.8,0.1,-6.1,0.71,18.74,29.17,0.56,62.71,True,True
O=C(Cc1cnc(Cl)nc1Cl)NCc1cccnc1F,315.14,2.18,1,4,2,67.77,4,0.53,0,2.59,False,True,False,-2.26,0.06,-4.71,0.88,18.38,11.53,0.85,61.83,True,True
CCCCCCCCc1ccc(C(=O)OCC2CC(C(=O)OCC)=NO2)cc1,389.49,4.45,0,6,1,74.19,12,0.39,0,2.79,False,True,False,-5.9,0.53,-4.67,0.97,176.07,163.46,0.96,107.41,True,True
C#CC1(C(=O)Oc2ccc3c(c2)Sc2ccccc2N3)CC1,307.37,4.21,1,4,2,38.33,2,0.44,0,2.86,False,True,False,-6.31,0.31,-4.52,0.74,110.75,94.07,0.94,104.96,True,True
COCc1cnc(NCc2csc(Br)n2)o1,304.17,2.65,1,6,2,60.18,5,0.92,0,3.18,False,False,False,-2.67,0.26,-4.66,0.92,98.02,67.32,0.98,80.45,False,True
Cc1c(I)cccc1CNCc1cccc(C#N)n1,363.2,3.16,1,3,2,48.71,4,0.85,0,2.54,False,True,False,-4.75,0.82,-4.58,0.94,83.14,55.37,0.96,93.34,True,True
CN(C(=O)CNC(=O)C=CS(C)(=O)=O)C1CCCCC1,302.4,0.45,1,4,0,83.55,5,0.75,0,2.65,False,True,False,-1.57,0.12,-4.88,0.89,21.65,18.86,0.69,44.02,True,True
Cc1[nH]c(SCC(=O)NC2COCCOC2)nc1Cc1ccccc1,361.47,1.93,2,5,2,76.24,6,0.77,0,2.55,False,False,False,-2.3,0.34,-4.9,0.84,53.7,32.35,0.95,74.93,False,True
CN(CC1C(C)(C)C1(C)C)C(=O)NCc1ccc(CNS(C)(=O)=O)cc1,381.54,2.56,2,3,1,78.51,7,0.76,0,2.57,False,False,False,-3.36,0.78,-4.87,0.87,81.36,87.97,0.94,78.57,False,True
O=C(Nc1ccc(F)cc1)c1nnc(C(Cl)=Cc2c[nH]nn2)s1,350.77,2.78,2,6,3,96.45,4,0.75,0,3.07,False,False,False,-4.29,0.23,-5.08,0.46,51.26,35.05,0.94,94.31,False,True
COC(=O)c1cn(CC2(C)CCC(F)(F)CC2)cc1C(=O)OC,329.34,3.28,0,4,1,57.53,4,0.8,0,3.16,False,False,False,-3.65,0.54,-4.23,0.95,126.68,99.88,0.98,81.09,False,True
O=C(OCc1csc(Cl)c1)c1cnc(NCCF)nc1,315.76,2.93,1,6,2,64.11,6,0.83,0,2.78,False,False,False,-5.06,0.49,-4.67,0.9,115.5,103.83,0.96,99.36,False,True
Cc1cc(NCCOc2cnn(C)c2)ccc1S(N)(=O)=O,310.38,0.87,2,5,2,99.24,6,0.77,0,2.49,False,True,False,-3.04,0.17,-5.28,0.64,54.96,40.79,0.77,79.48,True,True
COc1ccc(NC(=O)NC(=O)COC(=O)Cc2cccc(OC(F)(F)F)c2)cc1,426.35,3.03,2,6,2,102.96,7,0.66,0,2.11,False,False,False,-6.02,0.37,-4.71,0.74,57.07,64.57,0.93,102.71,False,True
Cc1nc(CS(=O)(=O)NC(C)(C)c2ccc(C(C)(C)C)cc2)cs1,366.55,4.1,1,4,2,59.06,5,0.87,0,2.56,False,False,False,-3.15,0.76,-4.89,0.73,73.22,61.21,0.97,89.1,False,True
FC(F)(F)Oc1cnc(N2CCOC(c3ccccc3)(c3ccccc3)C2)nc1,401.39,4.16,0,5,3,47.48,4,0.66,0,2.73,False,False,False,-6.15,0.55,-4.97,0.93,66.97,83.54,0.99,102.29,False,True
CC(c1noc(COc2cc(F)cc(F)c2)n1)n1ccnc1,306.27,2.73,0,5,3,65.97,5,0.72,0,3.18,False,False,False,-2.46,0.63,-4.4,0.83,55.73,20.26,0.96,71.09,False,True
CSc1ccc(Br)c(OC(=O)Nc2cnsc2)c1,345.24,4.24,1,5,2,51.22,3,0.85,0,3.0,False,False,False,-4.73,0.4,-4.67,0.74,81.7,66.75,0.96,95.92,False,True
CCCCCCOc1ccc(OC(=O)NC2=C(C)OCCS2(=O)=O)cc1,383.47,3.37,1,6,1,90.93,8,0.69,0,2.77,False,True,False,-4.83,0.33,-4.61,0.73,60.55,62.02,0.88,101.04,True,True
COC(=O)c1cc(OCC(=O)NCCC(=O)N2CCCCCC2)no1,353.38,0.75,1,7,1,110.97,7,0.72,0,2.35,False,False,False,-2.5,0.17,-4.58,0.98,96.68,83.27,0.97,67.06,False,True
Cn1nc(Br)c(CNc2nnc(CF)s2)n1,307.15,1.51,1,6,2,68.52,4,0.93,0,3.5,False,False,False,-2.61,0.03,-4.95,0.95,24.57,25.67,0.93,72.65,False,True
Cc1nnc(NC(=O)C=Cc2ccc(S(C)(=O)=O)o2)s1,313.36,1.49,1,7,2,102.16,4,0.86,0,2.7,False,True,False,-3.01,0.05,-4.88,0.68,15.81,5.84,0.67,83.19,True,True
COc1ccc(I)cc1NCC(O)c1ccc(C)cc1C,397.26,4.06,2,3,2,41.49,5,0.75,0,2.62,False,True,False,-5.0,0.92,-4.85,0.9,84.0,68.93,0.94,98.53,True,True
CC(C)(C(=O)NNC(=O)CSc1ccccc1O)c1nnn[nH]1,336.38,0.12,4,7,2,132.89,5,0.45,0,3.01,False,True,False,-2.46,0.05,-6.22,0.36,-0.08,16.18,0.25,71.7,True,True
CC(C)n1nnnc1NC(=O)NCc1ccc(C2CCCCC2)cc1,342.45,3.62,2,4,2,84.73,5,0.87,0,2.41,False,False,False,-5.25,0.71,-5.05,0.9,78.03,83.63,0.97,101.43,False,True
CP(C)(=O)CNC(=O)c1cccnc1SCC1CCCCC1,340.43,4.06,1,4,1,59.06,6,0.63,0,2.73,False,True,False,-3.05,0.53,-4.82,0.93,29.64,33.65,0.97,77.14,True,True
CCc1nscc1CON=C(N)c1ccc(Br)o1,330.21,2.9,1,5,2,73.64,5,0.52,0,3.35,False,True,False,-3.24,0.71,-4.57,0.95,78.07,57.17,0.98,83.65,True,True
O=C(CNC(=O)C(=O)Nc1nc(Cc2ccccc2Br)cs1)NCc1ccccn1,488.37,2.26,3,6,3,113.08,7,0.44,0,2.41,False,True,True,-3.82,0.43,-5.23,0.53,31.76,39.37,0.75,93.45,True,True
COc1ccc(NN=Cc2nocc2Br)c([N+](=O)[O-])c1,341.12,2.8,1,7,2,102.79,5,0.51,0,2.89,False,True,False,-5.37,0.42,-4.55,0.82,103.49,86.83,0.99,98.07,True,True
CN1CC=C(C(=O)Nc2cnc(-c3cccc(F)c3)nc2)CC1,312.35,2.48,1,4,2,58.12,3,0.95,0,2.47,False,False,False,-3.82,0.7,-4.62,0.9,24.89,7.48,0.9,78.64,False,True
O=S1(=O)CCN(S(=O)(=O)c2ncc3ccccc3n2)CN1,328.38,-0.49,1,6,2,109.33,2,0.75,0,3.19,False,False,False,-2.53,0.05,-5.23,0.92,38.34,35.38,0.79,75.12,True,True
Cc1ccc(C(=O)CNS(=O)(=O)CC2(C)CN(Cc3ccccc3)C2=O)cc1,400.5,2.15,1,4,2,83.55,8,0.54,0,3.0,False,False,True,-4.02,0.87,-4.81,0.93,109.12,94.65,0.94,96.24,True,True
CC(CS(C)(=O)=O)NC(=O)c1n[nH]c(Cc2ccccc2)n1,322.39,0.56,2,5,2,104.81,6,0.81,0,2.92,False,False,False,-3.14,0.05,-5.22,0.77,22.94,15.08,0.77,74.87,False,True
Cc1cc(OCc2csc(C(C)(F)F)n2)ccc1I,395.21,4.75,0,3,2,22.12,4,0.7,0,2.67,False,True,False,-5.19,0.38,-4.63,0.97,88.9,70.45,0.99,96.17,True,True
O=C(NCCOc1ccc(Cl)cc1)C(=O)Nc1cc(-c2ccc(Cl)cc2)on1,420.25,3.78,2,5,3,93.46,6,0.47,0,2.15,False,True,True,-6.25,0.53,-4.99,0.73,63.92,74.81,0.88,102.32,True,True
COc1cnccc1C(C)Nc1cnc(I)cn1,356.17,2.66,1,5,2,59.93,4,0.85,0,3.29,False,True,False,-3.49,0.33,-4.92,0.72,46.98,30.34,0.94,85.61,True,True
O=S1(=O)CC(CS(=O)(=O)N(Cc2ccco2)C2CCCC2)C1,347.46,1.4,0,5,1,84.66,6,0.78,0,2.8,False,False,False,-2.77,0.17,-4.66,0.85,78.5,55.59,0.86,62.76,False,True
CC(F)(F)CCCNC(=O)c1cncnc1-c1ccccc1,305.33,3.31,1,3,2,54.88,6,0.83,0,2.31,False,True,False,-3.11,0.42,-4.5,0.96,50.57,25.56,0.98,72.1,True,True
CC(C)Cc1ccc(C(C)Nc2cccc3cc4ccccc4cc23)cc1,353.51,7.36,1,1,4,12.03,5,0.37,0,2.44,False,True,False,-6.65,0.9,-5.28,0.84,113.27,131.6,0.79,102.89,True,True
CNc1sc(Br)nc1C(=O)NCc1ccncc1C,341.23,2.58,2,5,2,66.91,4,0.9,0,2.81,False,False,False,-3.94,0.5,-4.72,0.84,83.41,69.36,0.99,90.9,False,True
Cn1c(C(=O)O)cnc1CNC(=O)Nc1cccc(CSC2CCCCC2)c1,402.52,4.01,3,4,2,96.25,7,0.65,0,2.61,False,False,False,-4.17,0.37,-5.4,0.44,33.89,19.4,0.36,93.69,False,True
Cc1c(Cl)nc(-c2ncccn2)nc1NCC(C)(C)c1cccc(C2CC2)c1,393.92,5.16,1,5,3,63.59,6,0.59,0,2.7,False,False,False,-5.96,0.93,-5.12,0.74,76.33,93.44,0.96,100.68,True,True
O=C(OC1CCS(=O)(=O)C1)c1cccc(Oc2ccccc2)c1,332.38,2.82,0,5,2,69.67,4,0.81,0,2.52,False,False,False,-4.27,0.21,-4.27,0.92,109.14,64.54,0.93,96.68,False,True
CN(C(=O)c1ccc(CC2CCC2)cc1)N1CCS(=O)(=O)CC1,336.46,1.75,0,4,1,57.69,4,0.84,0,2.69,False,False,False,-3.28,0.45,-4.54,0.92,50.79,32.79,0.91,74.69,False,True
O=C(CN1CCS(=O)(=O)CC1)Nc1nc(-c2ccccc2)co1,335.38,1.01,1,6,2,92.51,4,0.9,0,2.48,False,False,False,-3.37,0.35,-4.7,0.93,54.42,26.35,0.88,85.17,False,True
COCc1nnc(CCOC(=O)c2ccc(CN3CCCCC3)cc2)o1,359.43,2.6,0,7,2,77.69,8,0.67,0,2.23,False,False,False,-2.38,0.8,-4.83,0.95,81.36,63.25,0.93,69.98,False,True
O=C(C=Cc1ccc(SC(F)(F)F)cc1)NCC(=O)Nc1ccc(Br)cc1,459.29,4.83,2,3,2,58.2,6,0.48,0,2.25,False,True,False,-5.7,0.46,-4.86,0.7,15.59,21.94,0.88,98.57,True,True
COC(=O)C(Oc1ccc(C)nc1)c1cc(Br)cs1,342.21,3.51,0,5,2,48.42,4,0.8,0,3.09,False,False,False,-3.83,0.31,-4.52,0.95,105.95,80.44,0.98,92.67,False,True
COc1cc(NC(=S)NCc2ccc(Cl)s2)cc(OC)c1,342.87,3.91,2,4,2,42.52,5,0.81,0,2.15,False,True,False,-5.52,0.73,-4.93,0.84,126.59,118.16,0.97,100.97,True,True
CS(=O)(=O)NC1CC(C(=O)NNc2nnc(-c3ccccc3)o2)C1,351.39,0.51,3,7,2,126.22,6,0.65,0,2.6,False,True,False,-2.92,0.13,-5.35,0.78,17.19,18.86,0.61,82.95,True,True
O=C(Cn1cc(-c2ccccc2)cn1)OC1CCCC=C1Br,361.24,3.92,0,3,2,44.12,4,0.78,0,3.09,False,False,False,-5.22,0.41,-4.71,0.96,112.81,98.54,0.98,101.33,False,True
COCCn1nnnc1C1(Nc2ccc(COC3CCCC3)cc2)CSC1,389.53,2.83,1,7,2,74.09,9,0.71,0,2.95,False,False,False,-4.6,0.68,-5.12,0.93,89.05,81.52,0.97,95.91,False,True
FC(F)(F)c1ccc2scc(-c3ccccc3-c3ccccc3)c2c1,354.4,7.25,0,1,4,0.0,2,0.36,0,2.03,False,False,False,-7.26,0.56,-4.94,0.94,88.64,96.36,0.91,103.11,True,True
CC(NC(=O)NC(CCC(C)(C)C)c1ccn(C)n1)S(C)(=O)=O,344.48,1.98,2,4,1,93.09,6,0.82,0,3.78,False,False,False,-2.02,0.32,-5.37,0.53,17.2,28.88,0.78,66.32,False,True
Cc1cc(Br)cc(NNC(=O)NCc2ncc(Br)cn2)c1,415.09,3.14,3,4,2,78.94,4,0.67,0,2.64,False,True,False,-3.9,0.42,-5.11,0.89,53.16,36.25,0.96,93.07,True,True
COC(OC)c1ccc(CNC(=O)c2ccc(C(C)=O)nn2)cc1,329.36,1.9,1,6,2,90.41,7,0.62,0,2.44,False,True,True,-3.64,0.11,-4.85,0.81,89.33,73.27,0.88,77.82,True,True
Cn1cc(NS(=O)(=O)C2CS(=O)(=O)C2)c(OC2CCCC2)n1,349.43,0.28,1,6,1,107.36,5,0.82,0,3.02,False,False,False,-3.44,0.08,-4.93,0.76,43.83,30.67,0.61,87.67,False,True
CC(C)(CNC(=O)OCc1ccncc1)c1ccccc1C1CC1,324.42,4.16,1,3,2,51.22,6,0.87,0,2.31,False,False,False,-4.46,0.92,-4.7,0.88,82.53,76.93,0.94,93.8,False,True
Cc1cnsc1C(=O)CSc1ccc(Br)c(Cl)c1,362.7,4.84,0,4,2,29.96,4,0.58,0,2.84,False,False,False,-5.35,0.3,-4.44,0.89,127.87,105.84,0.97,97.55,False,True
O=C1NCCCN(c2ncc(Cl)c(Nc3ccc(F)cc3)n2)CC1(F)F,385.78,2.97,2,5,2,70.15,3,0.85,0,2.77,False,False,False,-4.64,0.78,-4.74,0.92,14.68,32.4,0.98,92.5,False,True
O=C(O)c1ccc2nc(CNc3ccc4cc(C(F)(F)F)ccc4n3)ccc2c1,397.36,5.11,2,4,4,75.11,4,0.5,0,2.32,False,False,False,-5.01,0.65,-5.13,0.5,27.8,17.91,0.69,102.21,True,True
Oc1cccc(F)c1SCc1nc2c(Cl)cccc2[nH]1,308.76,4.35,2,3,3,48.91,3,0.71,0,2.53,False,False,False,-4.15,0.61,-4.7,0.63,82.42,58.21,0.91,94.89,False,True
CC(Cc1ccc(F)cc1)OC(=O)Cc1cnc(Cl)cn1,308.74,2.99,0,4,2,52.08,5,0.8,0,2.81,False,False,False,-3.66,0.25,-4.47,0.97,103.27,78.47,0.99,87.25,False,True
O=C(NC1COCCOC1)c1nccnc1Oc1ccc(Cl)c(F)c1,367.76,2.21,1,6,2,82.57,4,0.89,0,2.64,False,False,False,-3.31,0.1,-4.3,0.95,37.52,5.64,0.98,80.71,False,True
CC1CS(=O)(=O)CCN1C(=O)OCCOc1ccc(Br)cc1,392.27,2.08,0,5,1,72.91,4,0.73,0,2.91,False,True,False,-2.78,0.3,-4.29,0.92,76.19,38.68,0.93,83.22,True,True
Cc1ccccc1C#CCOC(=O)Cn1c(C)csc1=O,301.37,2.12,0,4,2,48.3,3,0.64,0,2.57,False,True,False,-3.92,0.29,-4.28,0.93,93.78,63.7,0.97,93.25,True,True
NS(=O)(=O)c1ccc(CCNC(=O)NCCc2ccc(OC3CCCC3)cc2)s1,437.59,2.8,3,5,2,110.52,9,0.56,0,2.38,False,False,False,-4.04,0.91,-5.29,0.76,60.32,64.47,0.91,98.69,False,True
CC1(S(=O)(=O)Nc2ccsc2-c2ccc(Cl)cc2)CC1,327.86,4.36,1,3,2,46.17,4,0.91,0,2.57,False,False,False,-4.92,0.47,-4.57,0.81,79.08,54.83,0.92,99.3,False,True
Cn1nc(Br)nc1NCc1ncc(C(F)(F)F)cn1,337.1,2.0,1,5,2,68.52,3,0.93,0,3.04,False,False,False,-2.34,0.1,-5.03,0.92,9.24,1.72,0.93,71.44,False,False
CC(C)(C)C(=O)Nc1cnn(Cc2cc(Br)no2)c1,327.18,2.67,1,4,2,72.95,3,0.94,0,2.76,False,False,False,-3.88,0.15,-4.69,0.81,59.64,53.14,0.97,86.25,False,True
CC(C)(CNCCSc1ncccn1)c1c(F)cccc1Br,384.32,4.04,1,4,2,37.81,7,0.44,0,2.74,False,True,False,-3.93,0.87,-4.47,0.85,62.6,48.75,0.93,82.63,True,True
COc1ccncc1CSc1nc2cc(OC(F)F)ccc2[nH]1,337.35,3.86,1,5,3,60.03,6,0.69,0,2.49,False,False,False,-4.26,0.75,-4.72,0.77,64.02,52.85,0.96,93.48,False,True
CCc1cnc(CNCC#Cc2cccc(C(C)(C)C)c2)nc1,307.44,3.48,1,3,2,37.81,4,0.69,0,2.65,False,True,False,-4.73,0.82,-4.71,0.75,83.02,67.53,0.98,98.21,True,True
Cn1cc(Nc2nc(-c3ccc(Br)s3)n[nH]2)cn1,325.19,2.77,2,5,3,71.42,3,0.78,0,2.92,False,False,False,-4.66,0.68,-4.96,0.53,35.4,20.02,0.92,95.6,False,True
O=C(NOCc1ccc(F)cc1)C1=CC(c2ccc(F)cc2)=NS(=O)(=O)N1,393.37,1.73,2,4,2,96.86,5,0.76,0,2.89,False,True,False,-4.27,0.15,-5.05,0.72,9.51,16.83,0.79,97.64,True,True
CN(C)S(=O)(=O)CC(NC(=O)NCCc1nnc2n1CCCCC2)C(F)(F)F,426.47,0.67,2,5,1,109.22,7,0.67,0,3.41,False,False,False,-1.89,0.12,-5.71,0.77,-4.4,23.54,0.79,36.2,False,False
CN(Cc1cnn(C)c1)C(=O)CN(C)c1cccc(C(F)(F)F)c1F,358.34,2.67,0,3,2,41.37,5,0.77,0,2.66,False,False,False,-2.92,0.49,-4.56,0.92,58.1,51.6,0.98,72.37,False,True
O=C(NNS(=O)(=O)C1CC1)C1CNCC12CCCCCC2,315.44,0.66,3,4,0,87.3,4,0.67,0,4.05,False,True,False,-1.99,0.52,-5.48,0.84,-6.95,10.21,0.79,50.89,True,False
Cc1cc(CNC(=O)c2sc(F)cc2Cl)cc(=O)[nH]1,300.74,2.47,2,3,2,61.96,3,0.91,0,2.86,False,False,False,-2.9,0.13,-4.46,0.84,59.19,22.52,0.94,73.0,False,True
CC1(O)CCC(=NNc2cc(C(F)(F)F)nc(-c3ccccc3)n2)CC1,364.37,4.26,2,5,2,70.4,3,0.8,0,2.86,False,True,False,-4.29,0.82,-4.82,0.93,15.63,11.63,0.98,94.04,True,True
Cn1cc(Br)c(NC(=O)CC2OC(C)(C)OC2=O)cc1=O,359.18,1.15,1,5,1,86.63,3,0.82,0,3.42,False,False,False,-2.06,0.04,-4.73,0.74,18.17,-5.45,0.76,52.35,False,True
C[Si](C)(CNc1ncnc2nc(O)oc12)c1ccccc1,300.39,1.89,2,6,3,84.07,4,0.72,0,3.27,False,True,False,-4.6,0.64,-4.95,0.55,77.9,61.12,0.85,99.36,True,True
O=C(O)CN1CCSC1=NC(=O)c1ccccc1OC1CCCCC1,362.45,3.03,1,4,1,79.2,5,0.87,0,2.61,False,True,False,-3.54,0.44,-5.0,0.67,38.37,29.04,0.77,94.68,True,True
CC(C)(C(=O)NC(CCC1CCCC1)C(=O)O)C1=CCS(=O)(=O)CC1,371.5,2.3,2,4,0,100.54,7,0.67,0,3.56,False,True,False,-2.77,0.05,-5.46,0.35,1.04,5.05,0.19,72.32,True,True
CCc1nc(CSCc2sc(Br)cc2Br)cc(=O)[nH]1,424.18,4.35,1,4,2,45.75,5,0.78,0,3.36,False,False,False,-4.69,0.35,-4.65,0.73,38.99,16.52,0.94,96.27,False,True
O=C(C=CC(=O)OCC(=O)c1ccncc1Cl)Nc1ccc(F)cc1,362.74,2.79,1,5,2,85.36,6,0.48,0,2.21,False,True,False,-4.25,0.47,-4.7,0.53,100.48,81.08,0.86,92.57,True,True
CC(F)(F)c1cncc(CSCc2ncc(Br)s2)c1,365.27,4.85,0,4,2,25.78,5,0.76,0,3.02,False,False,False,-3.76,0.43,-4.73,0.89,91.36,65.57,0.98,92.04,False,True
CCc1cc(C=C(C(=O)OC)c2ncc(F)cn2)ccc1Cl,320.75,3.55,0,4,2,52.08,4,0.64,0,2.67,False,True,False,-6.02,0.36,-4.56,0.93,145.15,130.8,0.98,102.93,True,True
Cn1cnnc1SCC(=O)Nc1cccc(C2(C)CC2)c1,302.4,2.6,1,4,2,59.81,5,0.86,0,2.37,False,False,False,-3.97,0.55,-4.84,0.88,100.69,82.33,0.95,90.88,False,True
CCS(=O)(=O)CNC(=O)Nc1ccc(CN2CCCC2)cc1,325.43,1.8,2,4,1,78.51,6,0.84,0,2.14,False,False,False,-1.85,0.63,-5.28,0.87,-10.23,-2.67,0.65,47.39,False,True
Cc1ccc(COc2ccc(CCO)cc2-n2nc3ccccc3n2)cc1Br,438.33,4.61,1,4,4,60.17,6,0.48,0,2.35,False,False,False,-6.05,0.68,-5.01,0.76,104.21,96.72,0.9,104.88,False,True
Cc1cc(C)nc(NC(C)c2cnc(C(F)(F)F)s2)n1,302.32,3.74,1,5,2,50.7,3,0.94,0,3.17,False,False,False,-2.82,0.32,-4.81,0.89,61.84,48.27,0.98,83.52,False,True
O=C(Nc1csc([N+](=O)[O-])c1)C1CN(C(=O)C2CCCCC2)C1,337.4,2.63,1,5,1,92.55,4,0.68,0,2.52,False,True,False,-4.67,0.62,-4.6,0.92,62.73,63.36,0.97,91.38,True,True
O=C(Nc1ccsc1)Nc1nnc(Cl)cc1Br,333.6,3.6,2,4,2,66.91,2,0.88,0,2.79,False,False,False,-4.24,0.28,-4.9,0.64,53.89,37.74,0.9,92.21,False,True
O=C(Nc1ccc2ccccc2c1)Oc1cc(Br)cn2ncnc12,383.21,4.26,1,4,4,68.52,2,0.56,0,2.42,False,False,False,-5.73,0.4,-5.05,0.73,74.33,74.17,0.93,100.92,False,True
COC1(OC)CCC1(C)NC(=O)NCC(=O)Nc1cccnc1,322.37,0.86,3,5,1,101.58,6,0.67,0,3.42,False,True,True,-2.1,0.12,-5.23,0.63,22.1,15.34,0.61,50.93,True,True
CCOC(=O)Cc1nsc(NS(=O)(=O)c2ccc(OCC3CCCCC3)cc2)n1,439.56,3.4,1,8,2,107.48,9,0.6,0,2.47,False,False,False,-4.22,0.57,-5.07,0.57,39.0,42.81,0.88,102.49,False,True
NC(CN1CCCC1)=NOCc1csc(Cc2ccccc2)n1,330.46,2.62,1,5,2,63.74,7,0.48,0,2.45,False,True,False,-2.87,0.94,-4.74,0.96,56.91,34.6,0.93,74.9,True,True
CC1CCN(c2ccc(CNS(=O)(=O)N3CC=CC3)cn2)CC1,336.46,1.52,1,4,1,65.54,5,0.83,0,2.71,False,True,False,-3.69,0.75,-4.88,0.97,85.68,87.74,0.98,81.25,True,True
CCCN(Cc1cnc(-c2cnn(C)c2)nc1)Cc1ccc(F)cc1C,353.45,3.74,0,4,3,46.84,7,0.65,0,2.5,False,False,False,-3.83,0.87,-5.03,0.92,72.7,73.98,0.97,87.26,False,True
CCOC(=O)C(F)=CCNC(=O)C1CC(=O)c2ccccc2C1,319.33,1.96,1,4,1,72.47,5,0.67,0,3.11,False,True,False,-3.37,0.22,-4.4,0.95,88.45,78.59,0.94,79.08,True,True
Cc1ccc(C(C)NC(=O)CCc2cccnc2Cl)s1,308.83,3.91,1,3,2,41.99,5,0.85,0,2.72,False,True,False,-3.18,0.51,-4.58,0.94,99.27,65.57,0.97,85.09,True,True
CC(C)(COc1ccccn1)NC(=O)C1OCCC1C(=O)O,308.33,0.84,2,5,1,97.75,6,0.81,0,3.54,False,False,False,-1.54,0.01,-5.24,0.56,11.06,-4.49,0.14,60.58,False,True
CS(=O)(=O)NC(=O)CSc1nnc(C2CCCCC2)o1,319.41,1.29,1,7,1,102.16,5,0.82,0,2.51,False,False,False,-2.58,0.02,-4.81,0.89,22.46,13.0,0.92,85.59,False,True
Clc1nc(Cn2cc(-c3ccsc3)cn2)cc2ccccc12,325.82,4.86,0,3,4,30.71,3,0.5,0,2.48,False,True,False,-5.38,0.65,-4.96,0.91,118.49,102.69,0.97,101.79,True,True
COC(=O)c1cccn1CC(=O)Oc1ccc(C(C)(C)C)cc1Cl,349.81,3.83,0,4,2,57.53,4,0.62,0,2.38,False,True,False,-5.61,0.44,-4.59,0.75,156.59,145.22,0.96,102.74,True,True
O=[N+]([O-])c1ccc2oc(SC(c3ccc(Cl)cc3)c3ccc(Cl)cc3)nc2c1,431.3,6.92,0,5,4,69.17,5,0.19,0,2.38,False,True,False,-6.66,0.44,-4.93,0.64,98.31,99.99,0.9,100.69,True,True
CS(=O)(=O)C1(NC(=O)C=Cc2nccn2Cc2ccccc2)CC1,345.42,1.6,1,4,2,81.06,6,0.81,0,2.9,False,True,False,-2.93,0.42,-5.0,0.79,13.18,20.18,0.84,70.81,True,False
CC1(C)OCCOC1CONC(=O)Nc1cnn(C2CCCCC2)c1,352.44,2.64,2,5,1,86.64,5,0.8,0,3.59,False,True,False,-3.94,0.3,-4.91,0.87,68.77,58.2,0.95,84.91,True,True
O=C1NC(C(=O)NC2COCCOC2)=CC(c2ccccc2)N1,317.34,0.46,3,4,1,88.69,3,0.76,0,3.29,False,False,False,-2.05,0.04,-5.27,0.79,4.75,0.48,0.68,52.02,False,False
O=C(O)CN1CCN(C(=O)C2=NN(c3ccccc3)C(=O)CC2)CC1,344.37,0.4,1,5,1,93.52,4,0.85,0,2.25,False,False,False,-2.58,0.08,-5.44,0.71,3.33,7.49,0.28,60.56,False,True
O=C(NNC(=O)c1cc2scnc2[nH]1)c1cc(Br)c[nH]1,354.19,1.79,4,4,3,102.67,2,0.53,0,2.99,False,True,False,-4.56,0.17,-5.31,0.4,11.2,8.32,0.45,93.01,True,True
CC(C)(C)C=C(C(=O)OCCOC1CCS(=O)(=O)CC1)c1ccccc1,380.51,3.25,0,5,1,69.67,6,0.43,0,2.78,False,True,False,-4.36,0.51,-4.35,0.87,132.41,108.92,0.93,93.93,True,True
CC(=O)Nc1ccc(C(=O)C=Cc2c(C(F)(F)F)coc2C)cc1,337.3,4.46,1,3,2,59.31,4,0.66,0,2.54,False,True,False,-5.24,0.4,-4.6,0.65,52.09,39.1,0.89,97.33,True,True
Cn1c(N)cnc1C(=O)NCc1c[nH]c(=O)c(Br)c1,326.15,0.38,3,4,2,105.8,3,0.76,0,3.05,False,False,False,-2.95,0.09,-5.27,0.78,26.13,9.46,0.62,62.22,False,True
O=C(NCc1ccc([N+](=O)[O-])o1)C(O)c1ccc(C2CC2)cc1,316.31,2.42,2,5,2,105.61,6,0.63,0,2.81,False,True,False,-3.7,0.37,-4.78,0.83,56.49,40.62,0.88,86.98,True,True
O=C(COc1ccccc1O)NNC(=O)C1(C(=O)O)C=CCC1,320.3,0.34,4,5,1,124.96,5,0.35,0,3.18,False,True,False,-2.61,0.03,-5.68,0.48,-2.04,7.15,0.05,77.47,True,True
CC1(C)CC1CCn1cc(C2=CCS(=O)(=O)C2)ccc1=O,307.42,2.1,0,3,1,56.14,4,0.86,0,3.68,False,False,False,-3.29,0.39,-4.52,0.85,36.83,20.43,0.83,69.36,False,True
CN(Cc1cccc(Cl)c1Cl)C(=O)c1coc(Sc2ncccn2)n1,395.27,4.19,0,6,3,72.12,5,0.6,0,2.78,False,False,False,-3.4,0.24,-4.61,0.79,105.96,78.57,0.96,89.13,False,True
CS(=O)(=O)N1CC(CNC(=O)c2cc[nH]c2C(=O)O)C1,301.32,-0.67,3,4,1,119.57,5,0.67,0,2.75,False,False,False,-1.75,0.03,-5.53,0.63,-2.26,-3.17,0.05,45.61,True,True
Cc1c(F)cccc1C#CCNc1ccnc(-n2ccnc2C)n1,321.36,2.88,1,4,3,55.63,3,0.75,0,2.88,False,True,False,-4.97,0.89,-4.64,0.74,69.44,52.81,0.95,95.53,True,True
O=C1CC2(CCCCCC2)CC(=O)N1CC(O)C1(O)COC1,311.38,0.6,2,5,0,87.07,3,0.75,0,3.96,False,True,False,-2.9,0.15,-4.96,0.84,41.38,30.64,0.78,63.71,True,True
O=c1c2ccccc2nnn1Cc1cnc(-c2ccccc2)nc1,315.34,2.3,0,5,4,73.56,3,0.58,0,2.04,False,False,False,-4.42,0.29,-4.79,0.92,61.02,42.93,0.94,92.57,False,True
O=C(NCC1CC(F)(F)C1)c1nnc(Cc2c(F)cccc2Cl)o1,359.74,3.23,1,4,2,68.02,5,0.89,0,2.81,False,False,False,-4.86,0.31,-4.5,0.95,40.92,33.74,0.98,95.25,False,True
COC(=O)C1(S(C)(=O)=O)CN(C(=O)C(=O)NCCCCCC2CC2)C1,374.46,-0.13,1,6,0,109.85,8,0.36,0,2.81,False,True,True,-2.91,0.31,-4.71,0.94,37.76,49.86,0.92,75.73,True,True
O=C(O)C(ONS(=O)(=O)c1ccc(C2CCCCC2)cc1)C1CC1,353.44,2.81,2,4,1,92.7,7,0.74,0,3.0,False,True,False,-3.62,0.22,-5.28,0.5,18.48,17.86,0.53,95.18,True,True
COc1ccc(NC(=O)NCc2nnc(SC)s2)cn1,311.39,1.99,2,7,2,89.03,5,0.82,0,2.44,False,False,False,-3.65,0.09,-4.96,0.76,83.44,62.09,0.89,91.48,False,True
O=C(CN1CCS(=O)(=O)CC1)Nc1[nH]nnc1C(=O)N1CCCC1,356.41,-1.29,2,7,1,128.36,4,0.69,0,2.93,False,False,False,-2.13,0.03,-5.41,0.9,17.04,11.43,0.65,43.35,True,True
CN(C)Cc1ccc(CNC(=O)C(F)=Cc2cnn(C)n2)cc1,317.37,1.5,1,4,2,63.05,6,0.82,0,2.85,False,True,False,-1.95,0.45,-5.17,0.85,12.08,20.93,0.86,45.14,True,False
O=C(CN(Cc1ccoc1)C1CCCCC1)C1CCS(=O)(=O)C1,339.46,2.42,0,5,1,67.59,6,0.8,0,3.29,False,False,False,-2.67,0.75,-4.71,0.92,49.66,32.14,0.78,61.05,False,True
CS(=O)(=O)CC1(CNC(=O)CNc2ccccn2)CC(F)(F)C1,347.39,1.07,2,5,1,88.16,7,0.77,0,2.99,False,False,False,-2.59,0.23,-5.0,0.8,12.97,12.74,0.48,56.78,False,True
O=C1CSC(C(=O)NCCOCCn2cc(C3CCCC(F)(F)C3)nn2)C1,402.47,1.78,1,6,1,86.11,8,0.67,0,4.12,False,True,False,-2.67,0.15,-5.08,0.89,27.14,33.3,0.94,61.85,True,True
O=C(NC1CCCC1(F)F)c1cscc1SCc1ccccc1,353.46,4.96,1,3,2,29.1,5,0.77,0,3.26,False,False,False,-4.53,0.49,-4.62,0.92,70.92,60.12,0.96,93.27,False,True
CC(C(=O)NNc1cncc(F)n1)c1ccnc(C(F)(F)F)c1,329.26,2.28,2,5,2,79.8,4,0.66,0,3.46,False,True,False,-3.3,0.38,-4.88,0.72,-3.18,2.24,0.94,74.43,True,False
CN(C)Cc1cccc(-c2cccc(CSc3ncccn3)c2)c1,335.48,4.5,0,4,3,29.02,6,0.49,0,2.09,False,False,False,-4.09,0.9,-4.72,0.93,70.92,46.31,0.92,92.38,False,True
O=C(Cn1cccc(O)c1=O)NCC#Cc1ccc(I)cc1,408.19,1.33,2,3,2,71.33,3,0.59,0,2.58,False,True,False,-4.06,0.33,-4.7,0.45,31.57,1.84,0.59,92.74,True,True
O=C(Nc1cnc(Cc2ccccc2)nc1)C1CNCCS(=O)(=O)C1,360.44,0.64,2,6,2,101.05,4,0.83,0,3.07,False,False,False,-2.38,0.13,-5.34,0.72,20.42,-6.7,0.48,59.69,False,True
CON(CCSc1ccc(F)cc1F)Cc1ccc(C)o1,313.37,4.02,0,4,2,25.61,7,0.57,0,2.75,False,True,False,-3.86,0.85,-4.21,0.98,120.56,90.76,0.98,78.31,True,True
CCC(OC(=O)Cc1c(C)noc1Cl)c1ccc(F)cc1F,329.73,4.15,0,4,2,52.33,5,0.77,0,3.09,False,False,False,-4.38,0.37,-4.35,0.97,94.79,83.02,0.98,90.58,False,True
CN(C)c1cc(Cn2ccc(Br)cc2=O)ccn1,308.18,2.12,0,3,2,38.13,3,0.87,0,2.48,False,False,False,-2.23,0.61,-4.5,0.86,42.55,18.9,0.94,59.0,False,True
O=C(Nc1ccc(I)c(Br)c1)c1ccccc1-c1nnn[nH]1,470.07,3.49,2,4,3,83.56,3,0.57,0,2.52,False,True,False,-5.45,0.5,-5.0,0.68,48.03,23.43,0.9,98.89,True,True
CC(C)(C)c1ocnc1COC(=O)c1ccc(CC#N)c(Cl)c1,332.79,4.05,0,5,2,76.12,4,0.79,0,2.86,False,False,False,-5.43,0.41,-4.48,0.74,159.19,145.82,0.97,99.55,False,True
COC(=O)C1CCCC1NC(=O)Nc1ncc(SCc2ccccc2)s1,391.52,3.9,2,6,2,80.32,6,0.58,0,3.15,False,False,False,-5.11,0.49,-4.74,0.67,76.77,65.01,0.93,100.74,False,True
Cc1ccc(CC(O)CNCc2ccnc(N(C)C)n2)c(C)c1,314.43,1.85,2,5,2,61.28,7,0.82,0,2.9,False,False,False,-2.94,0.92,-5.18,0.82,56.28,45.39,0.95,77.14,False,True
CC(C)(CNC(=O)C=Cc1cccc(OC2CCCC2)c1)c1nnn[nH]1,355.44,2.63,2,5,2,92.79,7,0.74,0,2.9,False,True,False,-4.1,0.69,-5.53,0.62,28.37,30.6,0.84,93.92,True,True
Cc1cnccc1CC(C)NC(=O)COc1c(C)ncnc1C,314.39,1.92,1,5,2,77.0,6,0.88,0,2.98,False,False,False,-1.95,0.44,-4.89,0.91,37.62,28.34,0.98,53.19,False,True
Cc1ccc(OCC(C)NC(=O)CCc2nc(Br)cs2)cc1,383.31,3.73,1,4,2,51.22,7,0.79,0,2.74,False,False,False,-3.96,0.63,-4.64,0.94,93.99,68.53,0.97,95.26,False,True
COc1c(NC(=O)NNc2ncc(C)cn2)ccc(F)c1F,309.28,2.22,3,5,2,88.17,4,0.75,0,2.55,False,True,False,-3.35,0.19,-4.69,0.59,44.88,29.17,0.76,74.64,True,True
O=C(CN(Cc1nccs1)CC1CC1)NCCc1nnn[nH]1,321.41,0.23,2,7,2,99.69,9,0.69,0,2.91,False,False,False,-2.21,0.31,-5.83,0.81,27.76,19.66,0.62,52.55,False,True
CC(C)OCc1ccc(CNC(=O)COc2cc(C(F)(F)F)nn2C)cc1,385.39,3.06,1,4,2,65.38,8,0.76,0,2.44,False,False,False,-3.54,0.66,-4.84,0.95,66.65,70.21,0.99,88.22,False,True
CCn1ncnc1COC(=O)CCC(=O)c1ccc(C)c(C)c1,315.37,2.62,0,5,2,74.08,7,0.58,0,2.25,False,False,False,-3.4,0.5,-4.72,0.98,117.94,94.43,0.99,83.65,False,True
O=C(C1CCCCC1)N1CC(NC(=O)C2(O)CCSC2)C1,312.44,0.76,2,4,0,69.64,3,0.81,0,3.31,False,False,False,-2.17,0.21,-4.86,0.91,28.17,23.71,0.84,50.51,False,True
CC(C)(C)C(NS(C)(=O)=O)C(=O)Nn1cnnc1SCc1ccc(Cl)cc1,431.97,2.26,2,6,2,105.98,7,0.65,0,3.26,False,False,False,-3.58,0.4,-5.19,0.61,35.19,36.53,0.92,93.72,False,True
Cc1nc(CNc2cnc(N)c(Cl)n2)ncc1Br,329.59,2.19,2,6,2,89.61,3,0.9,0,2.98,False,False,False,-3.64,0.33,-5.04,0.9,49.47,31.07,0.96,83.96,False,True
Cc1ccncc1CNC(=O)NNc1ccnc(N(C)C)n1,301.35,1.07,3,6,2,95.07,5,0.72,0,2.67,False,True,False,-3.04,0.61,-5.35,0.56,46.99,44.69,0.85,74.68,True,True
Cn1ccnc1C(O)C(=O)Nc1cccc(Br)n1,311.14,1.25,2,4,2,80.04,3,0.84,0,3.11,False,True,False,-1.77,0.15,-5.02,0.65,21.82,-8.13,0.54,59.94,True,True
Cc1cc(CNC(=O)Nc2ccc(N(C)C)cc2F)sn1,308.38,2.98,2,4,2,57.26,4,0.91,0,2.5,False,False,False,-2.97,0.72,-4.81,0.86,59.42,48.74,0.97,70.93,False,True
CCCCCCCSc1ccc(C(=O)NC(C)Cc2nnn[nH]2)cc1,361.52,3.62,2,5,2,83.56,11,0.47,0,2.97,False,True,False,-4.65,0.53,-5.49,0.73,25.78,21.63,0.9,95.41,True,True
Cc1[nH]cc(CCC(=O)Oc2ccc(OC3CCCC3)cc2)c1S(C)(=O)=O,391.49,3.59,1,5,2,85.46,7,0.58,0,2.59,False,True,False,-5.5,0.58,-4.51,0.82,100.08,87.47,0.94,104.26,True,True
Cn1c(=NNC(=O)C2(C)CC=CCC2)sc2ccccc21,301.41,2.92,1,3,2,46.39,2,0.67,0,3.47,False,True,False,-5.03,0.66,-4.66,0.94,84.76,75.5,0.98,99.13,True,True
CCCCc1cnc(NC(=O)c2cc(S(=O)(=O)F)c(Cl)o2)nc1,361.78,2.98,1,6,2,102.16,6,0.79,0,2.8,False,False,True,-4.77,0.13,-4.77,0.71,63.22,65.59,0.75,97.59,True,True
COc1ccncc1CC(=O)NNc1ccc(Br)c(Cl)c1,370.63,3.19,2,4,2,63.25,5,0.79,0,2.34,False,True,False,-3.75,0.8,-4.67,0.76,47.52,27.44,0.96,87.39,True,True
N#Cc1ccc(CNCC(=O)Nc2ccc(Cl)cc2)cn1,300.75,2.33,2,4,2,77.81,5,0.89,0,2.05,False,False,False,-4.35,0.49,-4.74,0.84,46.36,22.1,0.89,89.96,False,True
Cc1cnc(CCNc2ccc([N+](=O)[O-])c(I)c2)cn1,384.18,2.95,1,5,2,80.95,5,0.49,0,2.61,False,True,False,-3.96,0.47,-4.83,0.92,76.51,54.28,0.98,89.35,True,True
Cc1cc(CNS(=O)(=O)c2csnc2-c2cccc(C(F)(F)F)c2)ccc1Cl,446.9,5.27,1,4,3,59.06,5,0.58,0,2.62,False,False,False,-5.45,0.76,-5.02,0.87,82.8,83.98,0.94,101.0,True,True
O=S1(=O)CCC(NC(=S)NNc2ncc(Cl)cn2)C1,321.82,0.11,3,6,1,96.01,3,0.53,0,3.23,False,True,False,-2.97,0.06,-5.19,0.64,20.59,7.51,0.36,71.51,True,True
Oc1ncc(-c2nc(CSCc3ccc(Cl)cc3)no2)o1,323.76,3.52,1,7,3,85.18,5,0.77,0,2.82,False,False,False,-3.92,0.4,-4.77,0.6,72.56,37.37,0.92,96.79,False,True
Fc1cnc(NCc2ncc(I)s2)nc1,336.13,2.29,1,5,2,50.7,3,0.87,0,3.02,False,True,False,-3.81,0.17,-4.75,0.89,78.57,50.15,0.92,91.04,True,True
CS(=O)(=O)C1(c2nc(Nc3ccccc3)no2)CCOCC1,323.37,1.86,1,7,2,94.32,4,0.92,0,2.89,False,False,False,-3.12,0.27,-4.8,0.92,24.7,8.7,0.93,80.57,False,True
Cc1cccc(CNC(=O)NCc2nc(-c3nccs3)cs2)c1Cl,378.91,4.23,2,5,3,66.91,5,0.7,0,2.53,False,False,False,-4.12,0.74,-5.04,0.87,103.44,85.94,0.97,97.6,False,True
Nc1nc(C2CCCC2)ncc1C(=O)NC1(C(=O)O)CCSCC1,350.44,1.8,3,6,1,118.2,4,0.76,0,2.88,False,False,False,-3.41,0.03,-5.51,0.56,4.97,3.17,0.28,77.89,False,True
COc1ccc(COc2ncccc2CS(=O)(=O)CC(O)c2ccccc2)cc1,413.5,3.32,1,6,3,85.72,9,0.58,0,2.71,False,False,False,-3.9,0.71,-4.79,0.63,78.98,52.7,0.81,97.22,False,True
COC(=O)N=S1(=O)CCN(C(=O)Nc2ccc(SCCN3CCCC3)cc2)CC1,440.59,2.96,1,6,1,91.31,5,0.71,0,2.87,False,False,False,-2.5,0.42,-5.26,0.79,-5.72,7.18,0.55,64.44,False,False
CC(CN(C)C(C)(C(N)=O)c1ccncc1)C1CCC(F)(F)CC1,339.43,3.18,1,3,1,59.22,6,0.87,0,3.97,False,False,False,-2.77,0.86,-4.71,0.85,28.68,16.45,0.96,57.84,False,True
CS(=O)(=O)NC(=O)Nc1ccccc1NC1CCCCC1,311.41,2.51,3,4,1,87.3,4,0.8,0,2.11,False,False,False,-3.61,0.38,-4.83,0.85,11.65,-0.08,0.86,86.91,False,False
CC(C)c1cnc(Cl)cc1NCCOc1ccc2c(c1)OCO2,334.8,4.08,1,5,2,52.61,6,0.64,0,2.44,False,True,False,-5.13,0.91,-4.78,0.87,114.78,105.21,0.94,99.57,True,True
CC1CC(n2cc(-c3ccccc3Cl)nn2)CC(C)S1(=O)=O,339.85,3.13,0,4,2,64.85,2,0.84,0,3.77,False,False,False,-3.95,0.35,-4.54,0.93,54.89,36.64,0.97,87.55,False,True
Cc1cncc(CCC(=O)Nc2ncc(C(F)(F)F)cn2)c1,310.28,2.77,1,4,2,67.77,4,0.94,0,2.38,False,False,False,-3.42,0.34,-4.77,0.78,67.85,43.41,0.97,86.48,False,True
COc1ccc(CN(Cc2ccccc2)c2nc(OC)nc(OC)c2I)cc1,491.33,4.31,0,6,3,56.71,8,0.44,0,2.43,False,True,False,-6.25,0.85,-5.0,0.89,153.24,152.87,0.97,105.04,True,True
Cc1cc(CCNC(=O)c2ccccc2C(=O)c2cccs2)cc(C)c1O,379.48,4.27,2,4,3,66.4,6,0.63,0,2.17,False,False,False,-4.64,0.7,-4.84,0.56,115.65,101.78,0.88,99.91,False,True
O=C(CSc1cnc2ccccc2n1)NC1(C(F)(F)F)CS(=O)(=O)C1,391.4,1.57,1,6,2,89.02,4,0.8,0,2.99,False,False,False,-2.58,0.03,-4.93,0.7,17.01,17.21,0.76,83.04,False,True
COCc1cc(CNc2nocc2C)ccc1Br,311.18,3.5,1,4,2,47.29,5,0.92,0,2.66,False,False,False,-3.96,0.72,-4.69,0.95,114.72,90.08,0.98,90.3,False,True
CS(=O)(=O)C1CCC(Sc2ccc(C(=O)Cc3ccc(Cl)cc3)cc2C(F)(F)F)C1,476.97,5.84,0,4,2,51.21,6,0.49,0,3.42,False,False,False,-5.82,0.56,-4.58,0.81,34.69,34.22,0.88,100.58,True,True
CC(=NNc1c(Cl)cccc1Cl)c1cnc(-c2ncccn2)nc1C,373.25,4.38,1,6,3,75.95,4,0.54,0,2.64,False,True,False,-4.06,0.62,-4.94,0.81,61.94,56.91,0.97,88.5,True,True
COc1ccc(C=C(C(=O)NNC(=O)C2CCS(=O)(=O)C2)C(F)(F)F)cc1,406.38,1.22,2,5,1,101.57,4,0.58,0,3.18,False,True,True,-3.24,0.07,-4.97,0.64,14.15,16.02,0.41,79.27,True,True
O=C(OC(c1ccc(Br)cc1)c1ccns1)C1=CCCCCC1,392.32,5.43,0,4,2,39.19,4,0.65,0,3.38,False,False,False,-5.27,0.49,-4.85,0.82,138.12,123.7,0.92,100.62,True,True
CC1(C)CC1(Cl)S(=O)(=O)NCc1cccc(NC(=O)C2CCCCC2)c1,398.96,3.99,2,3,1,75.27,6,0.71,0,3.0,False,True,False,-5.22,0.76,-4.78,0.9,91.55,92.27,0.96,98.98,True,True
O=c1cc(NS(=O)(=O)C2CC(F)(F)C2)oc2ccc(Br)cc12,394.19,3.09,1,4,2,76.38,3,0.87,0,3.08,False,False,False,-4.71,0.35,-4.55,0.82,20.89,5.82,0.93,97.28,False,True
COc1ccccc1OCCC(=O)NCCc1ccc(C)cc1,313.4,3.13,1,3,2,47.56,8,0.81,0,1.65,False,False,False,-4.19,0.86,-4.55,0.98,131.9,100.52,0.98,94.59,False,True
O=C(Cn1nnn(-c2cccs2)c1=O)NCc1ccc2ccccc2c1,365.42,1.96,1,5,4,81.81,5,0.59,0,2.37,False,False,False,-5.21,0.54,-4.9,0.95,91.58,78.74,0.94,105.06,False,True
Clc1c(OCc2ccc3c(c2)COC3)ccc2cc(Br)ccc12,389.68,5.86,0,2,3,18.46,3,0.56,0,2.34,False,False,False,-6.43,0.59,-4.81,0.94,108.49,96.54,0.92,99.79,True,True
NC(=O)c1nc(CNC(=O)Nc2ncc(C3CCC3)o2)no1,306.28,0.75,3,7,2,149.17,5,0.74,0,2.99,False,False,False,-4.03,0.11,-5.03,0.92,29.08,25.88,0.9,88.19,True,True
CC(C)(C(=O)Oc1ccc(F)c(F)c1)c1cscc1Cl,316.76,4.56,0,3,2,26.3,3,0.61,0,2.74,False,True,False,-5.23,0.27,-4.25,0.9,138.62,116.88,0.97,93.73,True,True
CN(C(=O)Cn1cnc(C(F)(F)F)n1)c1cccc(Cl)c1Cl,353.13,3.27,0,3,2,51.02,3,0.85,0,2.71,False,False,False,-3.33,0.2,-4.53,0.92,32.53,27.88,0.98,81.83,False,True
COc1nc(NC2CN(Cc3ccccc3)CCC2CO)nnc1Cl,363.85,1.83,2,7,2,83.4,6,0.81,0,3.36,False,False,False,-3.19,0.72,-5.35,0.9,20.34,23.72,0.88,81.84,False,True
CCCc1ccc(CCSc2nc3cc(Cl)ccn3c2[N+](=O)[O-])cc1,375.88,5.18,0,4,3,60.44,7,0.32,0,2.64,False,True,False,-6.52,0.65,-4.83,0.84,141.35,135.11,0.93,104.99,True,True
NS(=O)(=O)C1CCN(Cc2ccncc2-c2ccccc2)C1,317.41,1.61,1,4,2,76.29,4,0.93,0,2.75,False,False,False,-1.86,0.87,-5.36,0.96,19.88,14.11,0.92,61.27,False,True
CC1(NC(=O)Cc2ncc3ccc(Br)cn23)CCC(NS(C)(=O)=O)CC1,443.37,2.01,2,4,2,92.57,5,0.74,0,3.12,False,False,False,-2.61,0.44,-5.2,0.85,17.81,11.23,0.9,70.82,False,True
Cc1ccc(CNC(=O)CCc2scnc2C)cc1Cl,308.83,3.66,1,3,2,41.99,5,0.92,0,2.14,False,False,False,-3.83,0.8,-4.68,0.97,123.73,91.11,0.98,91.12,False,True
CC(C)(C)c1ncc(COC(=O)Cc2cc(I)cc(I)c2)o1,525.12,4.47,0,4,2,52.33,4,0.44,0,2.95,False,True,False,-6.09,0.37,-4.74,0.87,96.49,98.58,0.98,100.07,True,True
COc1nn(C)cc1CN(C)Cc1nc(Br)cs1,331.24,2.28,0,5,2,43.18,5,0.84,0,3.01,False,False,False,-2.46,0.48,-4.7,0.95,58.63,53.56,0.97,70.46,False,True
Brc1csc(NCc2coc(Br)n2)n1,339.01,3.27,1,5,2,50.95,3,0.93,0,3.39,False,False,False,-3.76,0.19,-4.63,0.95,73.29,56.64,0.99,90.01,False,True
O=C(CNC(=O)C(O)Cc1ccccc1)NCc1nnn[nH]1,304.31,-1.46,4,6,2,132.89,7,0.49,0,2.93,False,False,False,-1.88,0.05,-6.26,0.76,7.91,10.53,0.47,53.74,True,True
COC(=O)c1[nH]c(C)cc1NCc1nocc1Br,314.14,2.47,2,5,2,80.15,4,0.85,0,3.23,False,False,False,-4.17,0.36,-4.65,0.98,107.85,86.69,0.99,93.16,False,True
CSc1ccc(C=CC(=O)Nc2sccc2C#N)s1,306.44,4.06,1,5,2,52.89,4,0.68,0,2.85,False,True,False,-6.03,0.2,-4.5,0.44,117.16,100.42,0.95,102.1,True,True
COCc1ccccc1NC(=S)Nc1cccc(SC)n1,319.46,3.76,2,4,2,46.18,5,0.65,0,2.33,False,True,False,-4.73,0.57,-4.77,0.83,99.88,91.25,0.97,92.83,True,True
Cc1ccc(CONC(=O)Nc2nc(Oc3ccc(C(F)(F)F)cc3)ns2)cc1,424.4,4.91,2,6,3,85.37,6,0.55,0,2.59,False,True,False,-5.48,0.53,-4.93,0.65,56.33,52.49,0.96,100.81,True,True
Nc1nn(Cc2ccccc2)cc1C=C1CCS(=O)(=O)CC1,317.41,2.11,1,4,2,77.98,3,0.94,0,2.89,False,False,False,-3.25,0.59,-4.97,0.85,25.92,14.69,0.85,73.55,False,True
Cc1noc(C)c1S(=O)(=O)NC(C)C(=O)NCCc1ccc(C2CCCCC2)cc1,433.57,3.36,2,5,2,101.3,8,0.66,0,2.79,False,False,False,-4.88,0.88,-4.93,0.85,58.22,65.28,0.94,103.16,False,True
N#Cc1ccc(NC(=S)NNc2ccc3nncn3n2)cc1Cl,344.79,1.96,3,6,3,102.96,3,0.49,0,2.78,False,True,False,-5.1,0.27,-5.27,0.24,42.78,42.03,0.67,90.81,True,True
CN1CC(NC(=O)C(=O)Nc2ccc(Cl)cc2)CS1(=O)=O,331.78,0.04,2,4,1,95.58,2,0.75,0,3.1,False,True,True,-3.21,0.06,-4.88,0.78,32.4,20.24,0.55,80.06,True,True
O=C(N=S1(=O)CCCC1)Nc1ccc(C2CCCCC2)nn1,322.43,3.32,1,4,1,84.31,2,0.9,0,3.23,False,False,False,-3.86,0.3,-4.82,0.9,22.87,18.94,0.95,89.14,False,True
CC1=C(C(=O)NCc2ccc(CO)c(C)c2)C(=O)OC1(C)C,303.36,1.76,2,4,1,75.63,4,0.66,0,2.62,False,True,False,-3.66,0.35,-4.57,0.79,100.41,81.59,0.93,84.89,True,True
CCCCCc1ccc(NC(=O)c2csc(N=S(C)(C)=O)n2)cc1,365.52,4.49,1,5,2,71.42,7,0.74,0,2.47,False,True,False,-5.26,0.46,-4.8,0.64,107.73,92.27,0.93,102.12,True,True
CN(C)C(=O)C(CNC(=O)N1CCN(CCNS(C)(=O)=O)CC1)c1ccccc1,425.56,-0.27,2,5,1,102.06,8,0.6,0,2.85,False,False,False,-1.59,0.33,-5.46,0.81,9.47,23.77,0.59,26.58,True,False
Cc1c(-c2ccc3c([N+](=O)[O-])c(N)ccc3c2)ccc2ccccc12,328.37,5.46,1,3,4,69.16,2,0.3,0,2.28,False,True,False,-7.21,0.63,-4.7,0.82,90.99,88.23,0.95,107.68,True,True
O=c1ccnc2sc(Oc3cccnc3Br)nn12,325.15,2.1,0,6,3,69.38,2,0.68,0,3.0,False,True,False,-3.3,0.05,-4.55,0.78,48.83,21.25,0.87,87.91,True,True
CS(=O)(=O)CCONC(=O)NC(CC1CCCC1)c1ccc(Oc2ccccc2)cc1,446.57,4.38,2,5,2,93.73,10,0.42,0,2.96,False,True,False,-5.22,0.78,-4.73,0.89,75.5,59.92,0.92,102.68,True,True
CS(=O)(=O)c1ccc2c(ccn2Cc2cncn2Cc2ccccc2)c1,365.46,3.34,0,3,4,56.89,5,0.54,0,2.31,False,False,False,-3.45,0.81,-4.96,0.88,49.85,31.07,0.93,88.66,False,True
Cc1ccc(OC(=O)N(C)c2ncc(Br)cn2)cc1Br,401.06,3.95,0,4,2,55.32,2,0.77,0,2.56,False,False,False,-5.09,0.18,-4.65,0.93,101.3,87.23,0.99,97.58,False,True
Brc1ccc2c(OCc3ncc(-c4ccccc4)cn3)csc2c1,397.3,5.7,0,4,4,35.01,4,0.44,0,2.37,False,False,False,-5.8,0.7,-4.85,0.95,61.41,55.86,0.97,101.71,True,True
CC(=Cn1ccnn1)C(=O)NCC(O)c1cc(C)cc(C)c1,300.36,1.61,2,4,2,80.04,5,0.82,0,3.53,False,True,False,-2.98,0.4,-5.14,0.69,56.31,46.86,0.86,76.56,True,True
O=[N+]([O-])c1ccc(C(=Cc2cnn3ccccc23)c2ccncc2)cc1,342.36,4.23,0,4,4,73.33,4,0.41,0,2.53,False,True,False,-5.62,0.73,-4.72,0.62,79.01,69.8,0.93,98.56,True,True
C#CC(NC(=O)CCn1cnc(C)cc1=O)c1ccc(Br)cc1,374.24,2.2,1,3,2,63.99,5,0.82,0,3.05,False,True,False,-2.74,0.29,-4.76,0.73,51.97,17.94,0.79,72.06,True,True
Cc1ccc(Br)c(Cn2cc(CNC3CCS(=O)(=O)C3)nn2)c1,399.31,1.67,1,5,2,76.88,5,0.83,0,3.03,False,False,False,-2.87,0.22,-5.05,0.87,52.13,24.27,0.94,80.87,False,True
COc1ccc(-n2cc(Oc3c([N+](=O)[O-])cnn3-c3ccccc3)cn2)cc1,377.36,3.77,0,6,4,97.24,6,0.37,0,2.52,False,True,False,-5.85,0.51,-4.7,0.78,99.35,87.97,0.96,104.39,True,True
CC1(NC(=O)C(F)Oc2cccnc2)CN(S(N)(=O)=O)C1,318.33,-0.85,2,5,1,114.62,5,0.73,0,3.64,False,False,True,-1.05,0.14,-5.57,0.74,7.57,21.22,0.55,38.25,True,False
CC(SCc1cccc(Cl)c1Cl)c1ccc(F)nc1,316.23,5.52,0,2,2,12.89,4,0.69,0,2.96,False,True,False,-4.56,0.53,-4.49,0.91,128.75,96.27,0.95,89.83,True,True
CCC(CN(Cc1ccc(SC)cc1)Cc1ccc(SC)s1)c1ccccc1,427.7,7.39,0,4,3,3.24,10,0.31,0,3.03,False,False,False,-6.57,0.95,-5.19,0.93,133.67,154.09,0.73,105.16,True,True
Cc1cc(C)cc(OCCCOc2ccc(C(=O)c3cccnc3)cc2)c1,361.44,4.78,0,4,3,48.42,8,0.43,0,1.99,False,True,False,-5.69,0.7,-4.87,0.81,128.11,111.3,0.92,104.21,True,True
O=C(C=Cc1ccncn1)NC(C(=O)O)C1CS(=O)(=O)C1,311.32,-0.9,2,6,1,126.32,5,0.67,0,3.38,False,True,False,-1.14,0.0,-6.05,0.26,-19.34,-20.68,0.01,37.54,True,True
CCSc1cc(CNC(=S)Nc2ccnc(Br)c2)ccn1,383.34,3.84,2,4,2,49.84,5,0.46,0,2.62,False,True,False,-4.28,0.41,-4.95,0.8,65.71,63.31,0.96,91.54,True,True
Cc1ccc(NCC(=O)NNS(=O)(=O)CCOc2ccc3ccccc3c2)cc1,413.5,2.59,3,5,3,96.53,9,0.47,0,2.25,False,True,False,-4.55,0.87,-5.27,0.91,39.13,41.2,0.92,103.28,True,True
Cc1cccc2[nH]c(NCc3cc(F)ccc3I)nc12,381.19,4.23,2,2,3,40.71,3,0.67,0,2.43,False,True,False,-5.39,0.88,-4.94,0.91,74.74,66.26,0.94,98.81,True,True
Cc1nc(CN2CCOC(C3COC(C)(C)O3)C2)nc2ccccc12,343.43,2.29,0,6,2,56.71,3,0.85,0,3.37,False,False,False,-2.41,0.33,-4.82,0.96,30.78,27.26,0.97,59.85,False,True
COCc1nsc(CNC(=O)c2cc(CC(C)C)c[nH]2)n1,308.41,2.14,2,5,2,79.9,7,0.82,0,2.98,False,False,False,-3.03,0.33,-5.01,0.8,57.8,50.95,0.97,78.08,False,True
Cn1cc(CSc2ncnc3cccc(I)c23)cn1,382.23,3.26,0,4,3,43.6,3,0.4,0,2.67,False,True,False,-4.15,0.27,-4.68,0.92,80.57,49.8,0.97,92.48,True,True
O=C(OCc1ccc(C(F)(F)F)c(Br)c1)c1cn2cnnc2cn1,401.14,3.26,0,5,3,69.38,3,0.63,0,2.81,False,False,False,-4.31,0.21,-4.9,0.89,69.29,54.85,0.98,96.87,False,True
O=C(C(=O)N1CCC(Cl)=C(Cl)C1)c1ccc(Oc2ccccc2)cc1,376.24,4.58,0,3,2,46.61,4,0.58,0,2.44,False,True,True,-5.35,0.25,-4.47,0.87,120.06,101.67,0.95,99.19,True,True
CC(CN(C)C(=O)CCC(C)(C)c1ccccc1)c1nccs1,330.5,4.46,0,3,2,33.2,7,0.75,0,3.04,False,False,False,-3.87,0.88,-4.55,0.95,148.37,119.1,0.97,89.26,False,True
Clc1ccc(-c2nccn2-c2ccccc2)c2ccccc12,304.78,5.35,0,1,4,17.82,2,0.49,0,1.98,False,False,False,-5.96,0.7,-4.76,0.92,99.03,83.1,0.92,99.67,True,True
Cn1cc(NC(=O)c2ccc(C(C)(F)F)nc2)c(Br)n1,345.15,2.94,1,3,2,59.81,3,0.93,0,2.71,False,False,False,-3.38,0.16,-4.75,0.81,19.37,11.26,0.96,76.44,False,True
CCCC(C)COC(=O)c1nc(NCc2ccccc2)ncc1Cl,347.85,4.34,1,5,2,64.11,8,0.72,0,2.69,False,False,False,-6.06,0.82,-4.98,0.96,183.91,181.94,0.98,104.82,False,True
CC(C)(C)OC(=O)N1CCC=C(CNc2ccc(Oc3ccccc3)cn2)C1,381.48,4.85,1,5,2,63.69,5,0.75,0,2.49,False,True,False,-5.65,0.86,-4.85,0.88,122.7,129.63,0.97,102.67,True,True
COC(=O)C1CC(NC(=O)C(=O)NCCCC2CCC2)CCO1,326.39,0.52,2,5,0,93.73,6,0.42,0,3.29,False,True,True,-2.65,0.07,-4.82,0.96,36.15,35.41,0.94,65.1,True,True
CC(C)(CC(=O)Nc1c[nH]c2nccn2c1=O)c1ccc(N)cc1,325.37,1.91,3,4,3,105.28,4,0.64,0,2.92,False,True,False,-4.42,0.59,-5.23,0.3,24.87,17.36,0.57,79.45,True,True
Cc1nnc(CNC(=O)NCc2cc(I)ccc2Br)n1C,464.11,2.49,2,3,2,71.84,4,0.68,0,2.51,False,True,False,-2.95,0.31,-5.21,0.95,21.95,5.78,0.91,84.25,True,True
Cc1cnc(NC(C)(C)COc2ncccc2Br)s1,342.26,3.88,1,5,2,47.04,5,0.9,0,2.85,False,False,False,-4.91,0.45,-4.7,0.93,116.34,98.56,0.99,98.56,False,True
O=C(CC1CSc2ccccc2O1)NS(=O)(=O)CCCF,333.41,1.74,1,5,1,72.47,6,0.86,0,3.33,False,False,False,-3.33,0.15,-4.66,0.91,20.73,8.27,0.89,88.33,False,True
CN(Cc1ncccn1)CC(O)c1cc(Br)no1,313.16,1.39,1,6,2,75.28,5,0.9,0,3.47,False,False,False,-1.03,0.13,-4.95,0.8,12.21,-6.1,0.72,40.93,False,False
Cc1cc(CS(=O)(=O)NC(=O)CC(C)NC(=O)C2CCCCC2)no1,371.46,1.4,2,6,1,118.37,7,0.75,0,2.99,False,False,False,-2.31,0.05,-5.29,0.64,4.46,4.32,0.63,69.64,False,False
Cc1nc(CSc2nc3cnc(Cl)cc3s2)c(C)s1,327.89,4.71,0,6,3,38.67,3,0.52,0,2.91,False,True,False,-4.28,0.3,-4.7,0.8,97.2,74.12,0.97,94.96,True,True
Cc1ccc(NC(=O)CSc2ccncc2C)c(Br)c1,351.27,4.19,1,3,2,41.99,4,0.84,0,2.15,False,False,False,-4.54,0.67,-4.68,0.82,135.56,109.42,0.96,95.09,False,True
COC(=O)c1cc(NC(=S)NC2CC(S(C)(=O)=O)C2)cs1,348.47,1.4,2,6,1,84.5,4,0.63,0,2.9,False,True,False,-3.16,0.17,-4.83,0.78,39.62,37.92,0.91,74.51,True,True
CCn1nnc2cc(CNc3cscc3-c3ccncc3)ccc21,335.44,4.19,1,5,4,55.63,5,0.59,0,2.61,False,False,False,-4.05,0.9,-5.16,0.84,87.28,79.18,0.95,92.52,False,True
O=C(COC(=O)c1ccc(-c2ccccc2OC(F)(F)F)cc1F)NCC#Cc1cccc(C(F)(F)F)c1,539.4,5.73,1,4,3,64.63,6,0.25,0,2.67,False,True,False,-7.19,0.57,-4.86,0.83,65.79,102.01,0.9,103.55,True,True
O=C(Nc1nc(Sc2ccccc2)ns1)N1CCCC=C1Cl,352.87,4.4,1,5,2,58.12,3,0.83,0,2.97,False,True,False,-4.87,0.22,-4.69,0.73,90.28,70.81,0.96,97.91,True,True
O=S1(=O)CCC(=Cc2nnc(C3CC3)c3ccccc23)CC1,314.41,3.1,0,4,2,59.92,2,0.85,0,3.19,False,False,False,-4.04,0.28,-4.62,0.95,26.64,15.35,0.92,89.7,False,True
CC(Cc1cc(F)c(F)cc1F)NC(=O)Cc1ccncc1Cl,342.75,3.44,1,2,2,41.99,5,0.85,0,2.77,False,True,False,-3.27,0.76,-4.25,0.93,45.48,26.35,0.98,74.22,True,True
COCCC1(CNc2ccc(N3CCCS3(=O)=O)cn2)CC1,325.43,1.85,1,5,1,71.53,7,0.83,0,2.93,False,False,False,-3.04,0.59,-4.71,0.92,36.43,17.35,0.86,64.56,False,True
CCOC(=O)C(F)(CNC(=O)C(=O)Nc1ccccc1N1CCCC1)C(=O)OCC,423.44,1.18,2,7,1,114.04,8,0.37,0,2.6,False,True,True,-3.71,0.32,-4.78,0.82,96.98,117.37,0.93,86.73,True,True
CN(C)C(C(=O)OCc1cc(F)nc(F)c1)c1cscn1,313.33,2.16,0,6,2,55.32,5,0.63,0,3.59,False,True,False,-2.5,0.23,-4.45,0.91,76.35,60.14,0.92,64.59,True,True
Cc1nc(Cl)ncc1NC(=O)Nc1cc(Cl)ccc1Cl,331.59,4.39,2,3,2,66.91,2,0.8,0,2.26,False,False,False,-4.66,0.31,-4.78,0.74,64.22,42.83,0.93,93.43,False,True
CN1CCN(c2ccnc(NC(=O)NOCC3(C)CCCO3)c2)CC1,349.44,1.46,2,6,1,78.96,5,0.78,0,3.38,False,True,False,-2.42,0.39,-4.88,0.92,24.43,7.79,0.85,45.91,True,True
CCCCCc1ccc(C(=O)OCC(=O)NC(=O)N=S(C)(C)=O)o1,358.42,2.13,1,6,1,115.04,7,0.59,0,2.8,False,True,False,-3.86,0.1,-4.55,0.89,82.5,70.96,0.96,95.36,True,True
Cc1onc(Br)c1CNc1cccc(Cc2nc3ccccc3[nH]2)c1,397.28,4.82,2,4,4,66.74,5,0.51,0,2.51,False,False,False,-5.38,0.83,-5.02,0.82,60.03,58.41,0.93,101.31,False,True
CS(=O)(=O)C1CSCCN1c1ncc(-c2ccccc2)cn1,335.45,2.07,0,6,2,63.16,3,0.86,0,2.99,False,False,False,-4.18,0.22,-4.87,0.92,46.44,40.58,0.92,94.87,False,True
COCCN(Cc1ccc(C)c(C)c1)Cc1ccc2conc2c1,324.42,4.09,0,4,3,38.5,7,0.66,0,2.49,False,False,False,-4.23,0.97,-5.05,0.97,120.91,110.51,0.93,95.21,False,True
COc1ccc(-c2ccc(N3CCC3=O)cc2)c2ccccc12,303.36,4.25,0,2,3,29.54,3,0.68,0,1.85,False,False,True,-5.76,0.55,-4.56,0.92,85.71,67.16,0.95,101.39,True,True
Cc1noc(C(=O)NNC(=O)CC2CCCCC2)c1C(=O)O,309.32,1.41,3,5,1,121.53,4,0.72,0,2.46,False,True,False,-2.57,0.06,-5.23,0.59,-0.42,0.03,0.27,74.87,True,True
O=C(NCC(F)C1CCCCC1)C(=O)NOC1CCOC1,302.35,0.86,2,4,0,76.66,5,0.58,0,3.83,False,True,True,-2.98,0.08,-4.69,0.97,35.03,37.93,0.94,68.23,True,True
CC1(CNc2cc(C3CCCCC3)ncn2)CS(=O)(=O)CCO1,339.46,2.14,1,6,1,81.18,4,0.9,0,3.66,False,False,False,-3.5,0.54,-4.98,0.91,31.11,32.74,0.93,82.09,False,True
O=C(CSc1nnnn1-c1ccccc1)C1CCS(=O)(=O)C1,338.41,0.76,0,7,2,94.81,5,0.74,0,2.91,False,False,False,-3.25,0.08,-4.85,0.93,57.18,41.46,0.9,82.87,False,True
CS(=O)(=O)NC1CC(CNc2nccnc2C(=O)c2ccccc2)C1,360.44,1.45,2,6,2,101.05,7,0.72,0,2.54,False,False,True,-3.79,0.57,-4.94,0.89,53.31,45.16,0.9,88.37,True,True
O=C(CNc1ncccn1)Nc1ccc(C(F)(F)F)s1,302.28,2.61,2,5,2,66.91,4,0.91,0,2.66,False,False,False,-3.72,0.57,-4.75,0.79,56.53,36.84,0.84,90.91,False,True
COc1ccc(C(=O)NNC(=O)NC2(C)CC(OC)(OC)C2)cc1O,353.38,0.89,4,6,1,118.15,5,0.46,0,2.8,False,True,True,-2.48,0.06,-5.37,0.36,31.23,19.65,0.34,58.6,True,True
CS(=O)(=O)CCC1CC(OC(=O)c2ncc(C(F)(F)F)cn2)C1,352.33,1.87,0,6,1,86.22,5,0.75,0,2.91,False,False,False,-2.87,0.09,-4.45,0.93,62.0,39.23,0.94,76.42,False,True
Cc1nc(CSCc2ncc(Cl)cc2Br)co1,333.64,4.23,0,4,2,38.92,4,0.84,0,2.92,False,False,False,-3.96,0.38,-4.63,0.97,99.53,69.78,0.99,92.06,False,True
Cn1ccnc1SCCNC(=O)C=Cc1cc(C(=O)O)co1,321.36,1.63,2,5,2,97.36,7,0.46,0,2.84,False,True,False,-2.65,0.07,-5.26,0.27,13.89,3.11,0.07,73.52,True,True
CC(NC(=O)N(C)CC(O)c1cccs1)c1nccs1,311.43,2.64,2,5,2,65.46,5,0.89,0,3.38,False,False,False,-1.58,0.42,-4.77,0.78,75.75,40.43,0.84,59.6,False,True
Cc1ccc(CSCCNS(=O)(=O)c2ccc(NCc3cccc(SC(F)(F)F)c3)nc2)cc1,527.66,5.83,2,6,3,71.09,11,0.24,0,2.61,False,True,False,-5.79,0.92,-5.25,0.7,67.87,91.09,0.89,103.23,True,True
Cc1ccc(C2CC(C(=O)NS(=O)(=O)C3(C(F)F)CC3)=NO2)cc1,358.37,2.06,1,5,1,84.83,5,0.87,0,3.61,False,False,False,-4.21,0.14,-4.85,0.81,19.44,27.58,0.93,97.27,False,True
CC1CN(S(C)(=O)=O)CCN1Cc1csc(COc2ccccc2)n1,381.52,2.19,0,6,2,62.74,6,0.77,0,2.78,False,False,False,-2.99,0.86,-4.72,0.97,78.79,59.92,0.97,76.28,False,True
NS(=O)(=O)C1(COC(=O)C=Cc2ccccc2OCC2CCCCC2)CCC1,407.53,3.41,1,5,1,95.69,8,0.53,0,2.72,False,True,False,-4.74,0.76,-4.76,0.95,105.17,103.5,0.94,101.82,True,True
Cc1cc(F)c(CSCc2cnc(C(C)C)s2)cc1[N+](=O)[O-],340.45,5.06,0,5,2,56.03,6,0.54,0,2.83,False,True,False,-5.19,0.5,-4.51,0.89,158.93,138.77,0.97,98.6,True,True
CC(C)N(CC(O)c1ccccc1)C(=O)c1ccn2nnnc2c1,325.37,1.71,1,5,3,83.62,5,0.77,0,3.02,False,False,False,-3.53,0.26,-5.1,0.84,73.5,64.12,0.83,75.16,False,True
O=C(COC(=O)C#Cc1c(F)cccc1F)NC1CCS(=O)(=O)C1,357.33,0.16,1,5,1,89.54,3,0.62,0,3.19,False,True,True,-3.26,0.06,-4.23,0.85,38.83,19.99,0.8,82.68,True,True
CC1CN(Cc2ccccc2)CC(C)N(C(=O)c2ncc(Br)cn2)C1,403.32,3.22,0,4,2,49.33,3,0.79,0,3.14,False,False,False,-4.0,0.79,-4.81,0.97,63.91,58.89,0.96,89.45,False,True
N=S(=O)(c1ccc(-c2c[nH]nc2-c2ccccn2)cc1)C1CC1,324.41,3.71,2,4,3,82.49,4,0.77,0,3.41,False,False,False,-3.22,0.34,-5.62,0.44,13.1,7.13,0.53,81.43,False,False
O=C(OCC1CCS(=O)(=O)CC1)c1ccc(-c2ccccc2)nn1,346.41,2.13,0,6,2,86.22,4,0.79,0,2.34,False,False,False,-3.39,0.15,-4.53,0.95,80.88,51.06,0.91,87.56,False,True
Cc1ccnc(F)c1NC(=O)Cc1cc(F)ncc1Br,342.14,3.01,1,3,2,54.88,3,0.87,0,2.75,False,True,False,-3.0,0.11,-4.3,0.87,37.27,29.76,0.92,69.89,True,True
CC1(CNC(=O)C2(C3CCCCC3)CC2)CC(C(=O)O)=NO1,308.38,2.08,2,4,0,87.99,5,0.81,0,3.57,False,False,False,-2.84,0.14,-5.33,0.53,4.9,16.36,0.28,76.15,False,True
O=S1(=O)CC(CSCc2csc(C3CCCCC3)n2)C1,331.53,3.47,0,5,1,47.03,5,0.83,0,2.81,False,False,False,-4.01,0.4,-4.51,0.87,87.79,58.15,0.94,91.74,False,True
COc1cc(CN(C=O)Cc2cc3sccc3s2)ccc1[N+](=O)[O-],362.43,4.04,0,6,3,72.68,7,0.36,0,2.9,False,True,False,-5.16,0.64,-4.53,0.88,122.45,103.42,0.96,101.27,True,True
CS(=O)(=O)C1CC(CN2CCC(=O)N(CC3(C#N)CCCCC3)C2=O)C1,381.5,1.94,0,5,0,98.55,5,0.72,0,3.33,False,False,False,-2.84,0.43,-4.53,0.93,38.59,40.76,0.91,52.92,False,True
Cc1ccccc1OCCCSCc1csc(-c2c(Cl)cccc2Cl)n1,424.42,7.13,0,4,3,22.12,8,0.36,0,2.31,False,True,False,-6.77,0.58,-4.83,0.87,146.63,139.21,0.89,105.0,True,True
CC(C)Cc1cc(CSCc2cc(Br)cc(Br)c2)no1,419.18,5.83,0,3,2,26.03,6,0.59,0,2.68,False,False,False,-6.09,0.51,-4.86,0.91,125.78,116.06,0.96,98.14,True,True
Cc1ccsc1NC(=O)Nc1ncc(-c2cnccn2)s1,317.4,3.61,2,6,3,79.8,3,0.77,0,2.69,False,False,False,-4.55,0.57,-4.91,0.45,74.27,59.26,0.91,95.67,False,True
CC(C)C(CC(=O)N(C)Cc1ccc(Cl)cc1F)c1ccon1,338.81,4.26,0,3,2,46.34,6,0.79,0,3.19,False,False,False,-3.83,0.81,-4.39,0.95,104.79,84.47,0.98,82.46,False,True
Clc1ccc(OCCc2nc(-c3cnccn3)no2)cc1,302.72,2.8,0,6,3,73.93,5,0.72,0,2.17,False,False,False,-4.4,0.56,-4.68,0.93,78.89,50.05,0.99,95.72,False,True
CC1(C)CC(N)CC(Nc2ccc3c(c2)CS(=O)(=O)C3)C1,308.45,2.43,2,4,1,72.19,2,0.88,0,3.77,False,False,False,-2.04,0.56,-5.27,0.75,-1.61,-17.48,0.76,53.59,False,False
Cc1cc(CNC(=S)NCc2cc(I)c(F)cc2F)no1,423.23,3.03,2,3,2,50.09,4,0.45,0,2.69,False,True,False,-4.47,0.54,-4.71,0.95,76.88,68.05,0.99,92.44,True,True
N#Cc1cc(Oc2ccnc(Cc3ccc(F)cc3)n2)cc2ccccc12,355.37,5.02,0,4,4,58.8,4,0.52,0,2.35,False,False,False,-6.34,0.58,-4.5,0.71,92.92,68.03,0.94,103.66,True,True
COc1cc(COC(=O)CNc2ccccc2)ncc1Cl,306.75,2.9,1,5,2,60.45,6,0.83,0,2.12,False,False,False,-3.41,0.57,-4.66,0.99,108.81,77.86,0.99,88.69,False,True
CN(Cc1cc(CO)no1)Cc1nscc1Br,318.2,2.02,1,6,2,62.39,5,0.91,0,3.22,False,False,False,-1.87,0.27,-4.78,0.92,69.21,43.02,0.94,63.28,False,True
FC1(F)C(CSC(c2ccccc2)c2ccccn2)C1c1ccccc1,367.46,5.95,0,2,3,12.89,6,0.53,0,3.62,False,False,False,-5.1,0.69,-4.83,0.88,108.12,90.87,0.9,97.87,True,True
COC(=O)c1cc2ccccc2cc1SCc1c[nH]c(-c2ccccc2)n1,374.47,5.31,1,4,4,54.98,5,0.38,0,2.52,False,False,False,-6.28,0.78,-4.92,0.83,140.14,132.04,0.92,107.95,True,True
COc1ccc(C=CC(=O)Nc2cnnc(Cl)c2Br)nc1,369.61,2.95,1,5,2,77.0,4,0.84,0,2.84,False,True,False,-4.69,0.15,-4.87,0.5,73.8,57.74,0.85,95.51,True,True
Cc1cc(C)cc(C(=O)N(N=Cc2cc(CF)on2)C(C)(C)C)c1,331.39,4.04,0,4,2,58.7,4,0.63,0,3.3,False,True,False,-5.77,0.35,-4.77,0.84,142.82,146.59,0.98,100.58,True,True
COc1cccc(CCC(=O)Nc2ccc(Br)c(C)c2I)n1,475.12,4.34,1,3,2,51.22,5,0.66,0,2.5,False,True,False,-5.52,0.53,-4.7,0.93,109.46,87.83,0.98,99.28,True,True
Cn1cc(Cl)cc1CNC(=O)NCc1ccnc(-c2cncnc2)c1,356.82,2.53,2,4,3,84.73,5,0.74,0,2.66,False,False,False,-2.61,0.64,-5.54,0.56,35.3,24.31,0.82,71.65,False,True
COc1ccc(CC(=O)NOCc2ccc([Si](C)(C)C)cc2)cc1OC,373.53,3.04,1,4,2,56.79,8,0.57,0,2.33,False,True,False,-5.71,0.76,-4.77,0.74,119.49,120.52,0.98,102.69,True,True
CC1(C(=O)NCc2ncc(Br)cn2)CCCNS1(=O)=O,363.24,0.33,2,5,1,101.05,3,0.81,0,3.84,False,False,False,-1.34,0.06,-5.38,0.91,9.77,3.87,0.83,49.79,False,False
COC(=O)C1C(C(=O)OC)C1C(=O)OCc1cc(C2CCCC2)on1,351.36,1.58,0,8,1,104.93,6,0.56,0,3.44,False,True,False,-3.22,0.19,-4.41,0.91,66.95,54.42,0.96,83.79,True,True
O=S1(=O)CCC(CSc2ncc(Oc3ccccc3)cn2)C1,336.44,2.8,0,6,2,69.15,5,0.62,0,2.97,False,False,False,-3.87,0.11,-4.42,0.91,74.68,33.53,0.92,91.59,False,True
CC1=C(C(=O)Nc2nc(Cc3ccccc3)ns2)CCCC1,313.43,3.96,1,4,2,54.88,4,0.93,0,2.49,False,False,False,-5.06,0.53,-4.67,0.87,101.2,83.79,0.97,100.6,False,True
CCSc1snc(OCC(=O)Nc2ccc(NC3CCCCC3)cc2)c1C#N,416.57,4.89,2,7,2,87.04,8,0.6,0,2.64,False,False,False,-6.72,0.44,-4.9,0.41,98.52,108.53,0.86,105.43,False,True
Fc1cnc(-n2cc(-c3occc3Br)nn2)nc1,310.09,2.22,0,5,3,69.63,2,0.73,0,3.07,False,False,False,-4.13,0.09,-4.61,0.94,66.33,51.61,0.97,90.77,False,True
Cc1ccc(Cl)c(Br)c1CC(=O)N(C)Cc1cnc(-n2cncn2)nc1,435.71,2.98,0,5,3,76.8,5,0.62,0,2.84,False,False,False,-3.73,0.34,-4.91,0.69,74.62,63.91,0.94,87.81,False,True
COc1ccc(C=O)c(OCC(=O)NNc2ccc(F)cc2C)c1,332.33,2.48,2,5,2,76.66,7,0.6,0,2.19,False,True,True,-4.72,0.58,-4.67,0.9,87.6,72.26,0.96,95.38,True,True
COc1ccc(-c2c[nH]c(-c3cccc(P(C)(C)=O)c3)n2)cc1,326.34,4.0,1,3,3,54.98,4,0.74,0,2.71,False,True,False,-4.45,0.81,-4.87,0.77,42.98,40.77,0.95,94.05,True,True
COc1cc(C)sc1C(=O)NS(=O)(=O)CC1(N)CC1,304.39,0.62,2,6,1,98.49,5,0.83,0,3.02,False,False,False,-2.15,0.17,-4.9,0.85,18.61,-1.32,0.77,69.36,False,True
Cn1cc(SC(F)(F)C(=O)NCc2cc([N+](=O)[O-])ccc2Cl)cn1,376.77,2.98,1,5,2,90.06,6,0.48,0,2.87,False,True,False,-4.06,0.33,-4.85,0.84,63.31,67.51,0.97,90.2,True,True
CCc1ccc(COC(=O)c2ccnc(Cn3cnnc3)c2)c(F)c1,340.36,2.78,0,5,3,69.9,6,0.65,0,2.57,False,False,False,-3.68,0.63,-4.85,0.83,112.96,89.45,0.97,90.33,False,True
C=CCN1CCN(C(=O)NCc2nnc(-c3ccccc3)o2)CC1,327.39,1.75,1,5,2,74.5,5,0.85,0,2.23,False,True,False,-3.29,0.51,-4.84,0.96,47.43,41.82,0.87,79.49,True,True
O=C(NC1CCC=CC1O)c1ccc(Oc2cccc(Br)c2)s1,394.29,4.11,2,4,2,58.56,4,0.77,0,3.52,False,True,False,-4.62,0.6,-4.52,0.78,44.56,18.4,0.93,94.64,True,True
CCn1cnnc1NCc1cc(Br)cc(OC)c1OC,341.21,2.69,1,5,2,61.2,6,0.88,0,2.6,False,False,False,-2.95,0.46,-4.65,0.87,81.05,57.11,0.94,78.24,False,True
O=C(Nc1ccc(Cl)c(O)c1)Nc1cccc2c1COB2O,318.53,1.91,4,4,2,90.82,2,0.64,0,2.74,False,True,True,-4.58,0.43,-5.21,0.21,42.8,31.9,0.74,94.97,True,True
O=C(NC(=S)Nc1cccc(COC2CCCCC2)c1)C1CCOC1,362.5,3.39,2,4,1,59.59,5,0.79,0,2.79,False,True,False,-5.1,0.63,-4.76,0.93,67.61,60.64,0.96,97.22,True,True
Cc1cc(SCC(O)(CC(Cl)(Cl)Cl)c2cc(Cl)cc(Cl)c2)ccn1,445.63,6.44,1,3,2,33.12,5,0.42,0,3.54,False,True,False,-5.32,0.51,-5.05,0.78,81.72,78.01,0.96,94.19,True,True
CCc1cscc1NC(=O)Nc1cc(C(C)(C)C)ns1,309.46,4.71,2,4,2,54.02,3,0.86,0,3.08,False,False,False,-5.67,0.44,-4.88,0.53,143.8,140.45,0.94,101.98,False,True
CSc1cc(CN(C)Cc2cc(Br)ccc2F)n(C)n1,358.28,3.68,0,3,2,21.06,5,0.76,0,2.7,False,False,False,-4.02,0.9,-4.61,0.98,91.09,79.72,0.98,87.53,False,True
CC(Cc1ccccc1)CN(CCOc1ncccn1)Cc1ccc(CC#N)cc1,400.53,4.3,0,5,3,62.04,11,0.48,0,2.9,False,False,False,-4.38,0.99,-4.97,0.89,90.09,83.59,0.85,93.45,True,True
Cn1ncc(NC(=O)c2nc(I)cs2)n1,335.13,1.13,1,5,2,72.7,2,0.84,0,3.32,False,True,False,-3.59,0.17,-4.8,0.91,26.38,6.37,0.94,87.78,True,True
CN(CCC(Oc1ccc(C(F)(F)F)cc1)c1ccccc1)CC(C)(C)N,380.45,4.88,1,3,2,38.49,8,0.71,0,2.82,False,False,False,-3.48,0.98,-4.73,0.93,31.28,17.22,0.93,88.64,False,True
Cc1ccc(N(C)C(=O)Cc2nnn(C(C)(C)C)n2)cc1C,301.39,2.25,0,4,2,63.91,3,0.87,0,2.74,False,False,False,-2.95,0.25,-4.88,0.86,34.68,31.63,0.98,77.56,False,True
Fc1ccc(Oc2ncc(-c3cnc(-c4ccccc4)nc3)cn2)c(F)c1,362.34,4.67,0,5,4,60.79,4,0.53,0,2.25,False,False,False,-5.59,0.66,-4.58,0.85,63.44,47.28,0.98,99.92,False,True
O=C(NCC1(CO)CCS(=O)(=O)CC1)NC1(C(F)(F)F)Oc2cc(Cl)c(Cl)cc2O1,493.29,2.47,3,6,1,113.96,4,0.59,0,3.36,False,False,False,-3.8,0.46,-4.85,0.6,0.3,-0.0,0.78,88.41,False,False
CN(Cc1nc(-c2ccccc2)c[nH]1)C(=O)NC1(C)CC=CCC1,324.43,3.72,2,2,2,61.02,4,0.84,0,3.59,False,True,False,-3.96,0.8,-4.87,0.88,65.98,53.81,0.94,93.07,True,True
Cc1ccnnc1COC(=O)c1ccncc1I,355.13,2.14,0,5,2,64.97,3,0.62,0,2.73,False,True,False,-2.85,0.19,-4.62,0.94,112.34,80.73,0.98,79.87,True,True
O=C(OCCOP1(=O)CC=CC1)C(c1cccnc1)C1CCCCC1,363.39,4.15,0,5,1,65.49,7,0.32,0,3.77,False,True,False,-2.92,0.57,-4.58,0.96,63.69,59.16,0.97,71.04,True,True
COC(=O)C1(OC)CC(C(=O)Nc2ccc(NC3CCC(F)(F)CC3)cc2)C1,396.43,3.58,2,5,1,76.66,6,0.72,0,2.81,False,False,False,-4.4,0.72,-4.81,0.77,29.41,29.8,0.94,91.86,False,True
O=C(NCc1cc(OC2CCC2)ccn1)NNC(=O)c1ncon1,332.32,0.54,3,7,2,131.27,5,0.68,0,2.91,False,True,False,-3.6,0.07,-5.36,0.8,24.89,21.5,0.71,84.33,True,True
COC(=O)Cc1nnc(CNC(=O)C(F)=Cc2cocn2)s1,326.31,0.87,1,8,2,107.21,6,0.62,0,3.44,False,True,False,-1.41,0.02,-4.97,0.82,12.09,11.57,0.74,56.2,True,False
CC(C)c1nc(C(=O)C=Cc2c(Cl)cncc2Cl)co1,311.17,4.4,0,4,2,55.99,4,0.62,0,2.93,False,True,False,-5.16,0.29,-4.58,0.75,127.67,108.25,0.97,97.65,True,True
CC(C(=O)Nc1cc(Cl)cc(Cl)c1)C(=O)OCc1cn(C)nc1Cl,390.65,3.7,1,4,2,73.22,5,0.62,0,3.13,False,True,False,-4.56,0.5,-4.79,0.82,66.5,58.46,0.95,93.77,True,True
COc1ccc(-c2nnc(Nc3c[nH]nc3OCC(F)F)s2)cc1,353.35,3.32,2,7,3,84.95,7,0.68,0,2.91,False,False,False,-5.36,0.51,-4.92,0.47,76.9,72.22,0.92,100.38,False,True
CC(CC1CCCS1(=O)=O)Nc1cnccc1N1CCCCC1,337.49,2.84,1,5,1,62.3,5,0.9,0,3.65,False,False,False,-3.6,0.85,-4.65,0.92,54.83,43.39,0.95,71.84,False,True
NC(=NOCc1cnc(C(F)(F)F)nc1)c1cc(Br)cc(Br)c1,454.04,3.86,1,4,2,73.39,4,0.43,0,2.87,False,True,False,-3.77,0.58,-4.88,0.92,3.14,9.42,0.98,89.87,True,False
COc1ccc(CCC(=O)OCc2cc(I)cc(I)c2)cn1,523.11,3.98,0,4,2,48.42,6,0.43,0,2.47,False,True,False,-5.75,0.64,-4.78,0.94,100.89,88.65,0.98,99.03,True,True
COc1cccc(NCC(=O)N(C)CCc2ncccn2)c1,300.36,1.6,1,5,2,67.35,7,0.84,0,2.21,False,False,False,-1.74,0.45,-4.81,0.91,73.99,40.8,0.91,51.59,False,True
O=c1[nH]c2cc(F)ccc2cc1CSCc1ccsc1,305.4,4.16,1,3,3,32.86,4,0.78,0,2.47,False,False,False,-4.59,0.63,-4.62,0.92,123.49,83.27,0.94,98.27,False,True
Cn1nccc1C(F)C(=O)NCC(F)(F)c1ccc(Br)cc1,376.18,3.1,1,2,2,46.92,5,0.87,0,3.32,False,False,False,-3.4,0.63,-4.64,0.89,10.39,13.34,0.97,81.73,False,True
CCOC(=O)C1CSCN1C(=O)C(=NOC)c1ccco1,312.35,1.09,0,7,1,81.34,5,0.46,0,3.39,False,True,False,-2.31,0.03,-4.38,0.94,124.56,98.69,0.96,62.09,True,True
CN(Cc1ncc(Br)s1)C(=O)Nc1ccc(Cl)cc1,360.66,4.22,1,3,2,45.23,3,0.89,0,2.29,False,False,False,-4.46,0.41,-4.75,0.92,96.56,72.39,0.98,95.28,False,True
CC(C)(C)OC(=O)NC1(C(=O)NCc2ccc(OC3CCCC3)cc2)COC1,390.48,2.92,2,5,1,85.89,6,0.78,0,2.48,False,False,False,-4.88,0.7,-4.91,0.82,90.75,108.99,0.96,99.28,False,True
CN(C(=O)C(C)(C)c1ccc(Cl)cc1)c1ncc(Br)cn1,368.66,3.83,0,3,2,46.09,3,0.83,0,2.52,False,False,False,-5.06,0.43,-4.61,0.89,95.75,79.11,0.98,97.07,False,True
CP(C)(=O)CN1CCC(C(=O)OCc2csc(CCc3ccccc3)n2)CC1,420.52,4.26,0,6,2,59.5,8,0.47,0,2.62,False,True,False,-2.93,0.92,-4.7,0.94,66.59,51.5,0.95,81.15,True,True
Cn1ncc(C(=O)Nc2ccon2)c1I,318.07,1.26,1,4,2,72.95,2,0.85,0,2.94,False,True,False,-3.58,0.1,-4.71,0.88,57.13,29.49,0.82,80.21,True,True
O=C(CC1CS(=O)(=O)CCN1)Nc1nc(=O)c2ccccc2s1,353.43,0.37,2,7,2,105.23,3,0.83,0,3.18,False,False,False,-2.68,0.11,-5.26,0.69,23.77,0.32,0.35,68.48,False,True
Cc1ccc(CN(C)C(=O)Nc2nsc(C)c2C#N)s1,306.42,3.36,1,5,2,69.02,3,0.95,0,2.97,False,False,False,-4.47,0.36,-4.59,0.7,100.32,82.09,0.96,95.25,False,True
CCc1nc(N(C)CC(=O)Nc2ccc(Cl)cc2)nc(N2CCN(c3nsc(C4CC4)n3)CC2)n1,514.06,3.22,1,10,3,103.27,8,0.49,0,2.94,False,False,False,-6.07,0.8,-5.1,0.78,60.93,95.75,0.95,103.03,True,True
CN1C(=O)CCC(NC(=O)NCc2cnc(C3CCC3)o2)C1=O,320.35,0.89,2,5,1,104.54,4,0.8,0,3.2,False,True,False,-2.63,0.04,-4.9,0.84,22.03,12.43,0.8,60.17,True,True
O=C(NNc1ccc(I)cc1F)c1cc2ncnn2cn1,398.14,1.62,2,5,3,84.21,3,0.52,0,2.78,False,True,False,-4.32,0.11,-5.04,0.67,17.7,5.52,0.62,90.03,True,True
CCOc1ccc2ccccc2c1OC(=O)C1CCC(S(C)(=O)=O)CC1,376.47,3.75,0,5,2,69.67,5,0.59,0,2.36,False,True,False,-4.1,0.34,-4.28,0.95,64.55,40.77,0.96,93.05,True,True
CCS(=O)(=O)C1(CNC(=S)NC(=O)c2ccc(F)cc2)CC1,344.43,1.4,2,4,1,75.27,5,0.79,0,2.67,False,True,False,-3.58,0.16,-4.4,0.89,54.78,39.43,0.94,67.32,True,True
Cc1cccc(NC(=O)Cn2ccc3ccnc(Cl)c32)c1C,313.79,3.95,1,2,3,46.92,3,0.74,0,2.23,False,True,False,-4.79,0.62,-4.79,0.87,85.99,68.1,0.91,97.33,True,True
Cn1cc(C(=O)COC(=O)c2cc(Br)ccc2I)cn1,449.04,2.83,0,4,2,61.19,4,0.41,0,2.4,False,True,False,-4.63,0.31,-4.61,0.97,120.11,97.19,0.99,97.38,True,True
CC(=O)c1ccc(Nc2ccnn2Cc2ccc(Br)s2)c(F)c1,394.27,4.84,1,4,3,46.92,5,0.63,0,2.47,False,False,False,-5.03,0.72,-4.75,0.81,89.8,76.82,0.94,96.62,False,True
Cc1cc(=O)[nH]c(CNC(=O)c2cocc2Br)n1,312.12,1.36,2,4,2,87.99,3,0.9,0,3.09,False,False,False,-2.36,0.04,-5.07,0.79,20.92,-1.57,0.7,57.0,False,True
NC(Cc1cncnc1)C(=O)Nc1ccc(-c2ncc[nH]2)cc1,308.34,1.38,3,5,3,109.58,5,0.66,0,2.83,False,False,False,-2.27,0.71,-5.91,0.26,10.66,3.16,0.49,55.69,False,True
CC(=CC(=O)N(Cc1cncs1)CC1CC1)c1ccccc1C,326.47,4.29,0,3,2,33.2,6,0.74,0,2.68,False,True,False,-3.82,0.87,-4.69,0.95,147.75,125.38,0.96,88.27,True,True
COc1ccc(C(=O)CSCc2ccc[nH]2)cc1Br,340.24,3.9,1,3,2,42.09,6,0.81,0,2.44,False,False,False,-3.98,0.74,-4.57,0.88,104.8,76.69,0.95,91.05,False,True
CN(C(=O)Cn1cc(SC(=O)c2ccccc2)cn1)n1cccc1,340.41,2.41,0,4,3,60.13,5,0.67,0,3.02,False,True,True,-3.72,0.27,-4.65,0.72,96.7,65.11,0.87,91.54,True,True
COc1ncnc2sc(NCc3cscc3Cl)nc12,312.81,3.42,1,7,3,59.93,4,0.8,0,3.02,False,False,False,-4.87,0.41,-4.83,0.82,124.76,105.52,0.98,98.96,False,True
Cn1cc(C(=O)Nc2ccc(Br)c(Cl)c2)ncc1=O,342.58,2.45,1,3,2,63.99,2,0.91,0,2.35,False,False,False,-4.67,0.24,-4.43,0.82,76.06,40.73,0.94,92.03,False,True
CN(C1CC1)S(=O)(=O)NC(=O)c1ccccc1C1CCCCC1,336.46,2.8,1,3,1,66.48,5,0.9,0,2.35,False,False,False,-4.42,0.46,-4.63,0.91,52.98,39.95,0.94,95.53,False,True
O=C(Nc1cnnn1-c1ccccc1)NC1CCCC=C1Br,362.23,3.22,2,3,2,71.84,3,0.88,0,3.27,False,False,False,-5.09,0.39,-4.89,0.83,63.05,58.73,0.93,98.72,False,True
Cc1nnc(COCC(=O)N2CC(=O)NC3CCCC3(C)C2)s1,338.43,0.88,1,6,1,84.42,4,0.88,0,3.89,False,False,False,-1.15,0.06,-5.18,0.93,22.36,17.68,0.88,42.8,False,True
Cc1ccc(-c2nsc(=O)n2Cc2ncc(-c3ccccc3)cn2)cc1,360.44,3.79,0,5,4,60.67,4,0.56,0,2.52,False,False,False,-4.91,0.52,-4.86,0.95,74.88,55.04,0.98,101.78,False,True
Cc1ccc(C(C)NCCSCc2ccnc(Cl)c2)cc1Br,399.79,5.39,1,3,2,24.92,7,0.5,0,2.86,False,True,False,-4.07,0.95,-4.73,0.94,75.14,51.84,0.92,91.26,True,True
CSc1cc(Nc2ccnc(-c3ncccn3)n2)ccc1C,309.4,3.71,1,6,3,63.59,4,0.74,0,2.51,False,False,False,-4.26,0.81,-4.92,0.76,78.98,64.35,0.98,90.62,False,True
O=C(CSCCc1nnn[nH]1)N1CCC(O)C12CCCCC2,325.44,0.77,2,6,1,95.0,5,0.78,0,4.31,False,True,False,-2.35,0.2,-5.7,0.82,30.8,23.97,0.78,51.71,True,True
CC1(C)CCC(CCNc2ccc3c(c2)S(=O)(=O)CC(=O)N3)C1,336.46,3.04,2,4,1,75.27,4,0.89,0,3.42,False,False,False,-4.55,0.64,-4.78,0.8,36.37,29.75,0.89,97.88,False,True
O=C(CNC(=O)c1ccc(Cl)c(Cl)c1)OCC(=O)N(CC(F)(F)F)c1ccc(Cl)cc1,497.68,4.52,1,4,2,75.71,7,0.57,0,2.37,False,False,False,-4.98,0.61,-4.68,0.85,65.25,62.14,0.93,96.04,False,True
O=C(O)c1ccc(Oc2ccc(NCc3ccc(Sc4ccccn4)o3)cn2)cc1,419.46,5.32,2,7,4,97.48,8,0.4,0,2.51,False,False,False,-5.06,0.35,-4.88,0.15,46.9,17.22,0.44,102.92,True,True
COc1ccc(Br)c(CNN=C(C)c2cn(C)nn2)c1,338.21,2.1,1,5,2,64.33,5,0.67,0,2.85,False,True,False,-3.88,0.51,-4.86,0.97,70.93,61.92,0.99,88.41,True,True
CN(Cc1csc(-c2ccno2)n1)C(=O)c1ccc(I)cc1,425.25,3.67,0,5,3,59.23,4,0.6,0,2.57,False,True,False,-4.12,0.54,-4.63,0.85,78.19,55.79,0.97,92.45,True,True
Cc1cc(Br)cc(C(=O)NNC(C)c2cnc(C)cn2)c1,349.23,2.85,2,4,2,66.91,4,0.83,0,3.06,False,True,False,-3.44,0.46,-4.91,0.69,45.39,27.14,0.92,86.84,True,True
CN(C)c1cc(F)cc(NCc2c[nH]nc2-c2c(F)cccc2F)c1,346.36,4.17,2,3,3,43.95,5,0.73,0,2.81,False,False,False,-5.04,0.93,-4.74,0.83,90.01,83.19,0.95,94.45,False,True
COc1cccc(-c2cnc(CN(C)CC3CCS(=O)(=O)C3)o2)c1,350.44,2.22,0,6,2,72.64,6,0.8,0,2.99,False,False,False,-3.27,0.75,-4.62,0.95,65.55,42.34,0.95,77.41,False,True
Cc1ccc(CNS(=O)(=O)N(Cc2ccc(O)cc2)Cc2ccco2)cc1,386.47,3.33,2,4,3,82.78,8,0.62,0,2.27,False,False,False,-3.96,0.92,-5.25,0.75,142.19,130.58,0.89,95.78,False,True
COc1cncc(C=CC(=O)NC2CCC2S(C)(=O)=O)c1,310.38,0.8,1,5,1,85.36,5,0.81,0,3.42,False,True,False,-2.36,0.16,-4.98,0.72,24.2,10.75,0.78,53.55,True,True
COC(=O)C1=CCN(CC(=O)c2cc3ccccc3cn2)CC1,310.35,2.22,0,5,2,59.5,4,0.64,0,2.53,False,False,True,-3.99,0.44,-4.58,0.97,110.17,93.37,0.97,92.42,True,True
COC1CN(S(=O)(=O)Nc2cc(F)ccc2OC2CCCCC2)CC1OC,402.49,2.54,1,5,1,77.1,7,0.76,0,3.39,False,False,False,-4.48,0.72,-4.55,0.89,109.97,91.93,0.97,94.92,False,True
O=C(NCC(O)c1ccccc1Br)NC(c1cccc(C(F)(F)F)c1)c1cccc(C(F)(F)F)c1,561.32,6.61,3,2,3,61.36,6,0.3,0,2.96,False,False,False,-4.98,0.86,-5.27,0.59,18.35,36.44,0.9,98.22,True,True
O=C(CNc1cscc1C(F)(F)F)Nc1cccnn1,302.28,2.61,2,5,2,66.91,4,0.91,0,2.8,False,False,False,-3.52,0.34,-4.87,0.89,30.54,13.81,0.93,86.37,False,True
CC(C)COc1cccc(OCC(=O)NS(=O)(=O)N2CCC(C)C2)c1,370.47,1.8,1,5,1,84.94,8,0.75,0,2.77,False,False,False,-3.96,0.48,-4.65,0.87,54.05,41.36,0.96,97.42,False,True
Cc1ccc(NC(=O)c2nnc(NCc3cccs3)o2)cc1,314.37,3.3,2,6,3,80.05,5,0.76,0,2.29,False,False,False,-5.26,0.63,-5.03,0.84,120.47,104.11,0.96,102.25,False,True
CC(C)(C)OC(=O)N1C(COC(=O)Cc2ccc(C3CCCCC3)cc2)COC1(C)C,431.57,5.19,0,5,1,65.07,5,0.6,0,3.07,False,False,False,-5.81,0.71,-4.66,0.83,122.13,130.17,0.96,104.94,True,True
CC(CC(O)c1ccccc1)NS(=O)(=O)c1ccc(Oc2cccc(F)c2)c(Br)c1,494.38,5.17,2,4,3,75.63,8,0.45,0,2.97,False,False,False,-5.23,0.72,-4.77,0.72,50.07,39.61,0.88,101.24,True,True
Cc1ccc(C(F)(F)CNCc2cnccc2N(C)C)c(C)c1,319.4,3.65,1,3,2,28.16,6,0.88,0,2.73,False,False,False,-3.7,0.97,-4.9,0.85,57.29,63.07,0.96,86.27,False,True
COc1n[nH]cc1C(=O)OCc1ccc(Br)cc1C#N,336.15,2.41,1,5,2,88.0,4,0.87,0,2.86,False,False,False,-4.78,0.28,-4.42,0.79,118.82,91.16,0.97,96.12,False,True
CS(=O)(=O)c1sccc1CNC(=O)NCCC(=O)N1CCCCCC1,387.53,1.74,2,5,1,95.58,6,0.78,0,2.48,False,False,False,-2.34,0.59,-5.01,0.89,51.47,45.11,0.91,60.09,False,True
O=C(O)C1CCC(C(=O)NCCc2cnn(-c3ccccc3)n2)N1C1CC1,369.43,1.01,2,5,2,100.35,7,0.76,0,3.42,False,False,False,-3.17,0.12,-5.63,0.49,13.22,9.72,0.24,75.95,False,True
O=S1(=O)CCCC(SCC(O)(c2ccc(Br)cc2)C(F)F)C1,415.32,3.21,1,4,1,54.37,5,0.8,0,3.72,False,False,False,-3.33,0.29,-4.52,0.8,37.55,18.25,0.89,81.31,False,True
O=C(Oc1ccc(OC2CCCC2)cc1)C12CCC(COC1)O2,318.37,2.86,0,5,1,53.99,4,0.63,0,4.33,False,True,False,-4.46,0.51,-4.49,0.98,122.1,94.51,0.98,95.13,True,True
COc1ccc(C2CS(=O)(=NC(=O)c3ncc(OC)cn3)CCN2)cc1,376.44,1.45,1,7,2,102.77,4,0.86,0,3.9,False,False,False,-3.22,0.4,-5.24,0.78,33.81,22.92,0.89,83.22,False,True
O=C(NCc1cccnc1)NOc1ccc(Cl)c(Cl)c1,312.16,3.18,2,3,2,63.25,4,0.85,0,2.26,False,True,False,-3.82,0.56,-4.66,0.9,82.7,50.78,0.98,89.08,True,True
Cc1cc(COC(=O)c2ccc(=O)n(-c3ccncc3)n2)cc(C)c1F,353.35,2.74,0,5,3,74.08,4,0.67,0,2.44,False,False,False,-4.51,0.7,-4.61,0.73,107.21,86.32,0.94,96.43,False,True
COc1cc(C)nc(CON=C(N)c2ccnc(OC)c2)c1,302.33,1.64,1,6,2,91.85,6,0.5,0,2.6,False,True,False,-2.21,0.68,-4.89,0.85,65.04,44.34,0.96,61.36,True,True
COc1cccc(COC(=O)NC2CC(S(C)(=O)=O)C2)c1,313.38,1.5,1,5,1,81.7,5,0.89,0,2.25,False,False,False,-2.31,0.29,-4.62,0.96,38.62,22.39,0.98,63.23,False,True
CS(=O)(=O)CC1CC1NC(=O)CCCc1nc2ccccc2o1,336.41,1.7,1,5,2,89.27,7,0.83,0,3.25,False,False,False,-2.71,0.3,-4.7,0.92,31.95,15.57,0.87,67.94,False,True
O=S1(=O)CCC(=Cc2nccnc2-c2ccccc2)CC1,300.38,2.74,0,4,2,59.92,2,0.86,0,2.9,False,False,False,-3.01,0.23,-4.62,0.93,29.26,7.31,0.9,75.4,False,True
CCOc1cc(CNC(=O)C2CC2c2ccsc2)ccn1,302.4,2.96,1,4,2,51.22,6,0.89,0,3.12,False,False,False,-3.72,0.54,-4.66,0.92,87.17,63.91,0.96,88.87,False,True
O=S1(=O)COc2cc(OCC#CC3CCCCC3)ccc21,306.38,2.77,0,4,1,52.6,2,0.79,0,3.12,False,True,False,-4.67,0.43,-4.39,0.92,42.14,27.04,0.93,98.71,True,True
CNS(=O)(=O)C1CN(C(=O)NC(CC2CCCCC2)C(=O)OC)C1,361.46,0.44,2,5,0,104.81,6,0.67,0,3.11,False,False,False,-2.25,0.36,-5.27,0.86,30.22,40.67,0.85,65.84,False,True
CS(=O)(=O)C1(C(=O)NNC(=O)C2CCCCC2)CC(N)C1,317.41,-0.38,3,5,0,118.36,3,0.61,0,2.82,False,True,False,-1.4,0.08,-5.25,0.86,-4.86,-2.43,0.64,48.14,True,False
Cc1ccc([N+](=O)[O-])c(Nc2ccc(Cc3nnc4ncccn34)cc2)c1,360.38,3.68,1,6,4,98.25,5,0.43,0,2.45,False,True,False,-4.67,0.47,-5.08,0.71,65.02,51.27,0.89,95.32,True,True
CS(=O)(=O)NC(=O)c1ccc(NC(=O)N2CCC(n3c(O)n[nH]c3=O)CC2)cc1,424.44,-0.16,4,7,2,166.49,4,0.53,0,2.62,False,False,False,-2.88,0.01,-6.19,0.27,-15.93,-12.59,0.02,56.01,True,True
Cc1ncnc(NNC(=O)c2ccnc(P(C)(C)=O)c2)c1Br,384.17,1.95,2,6,2,96.87,4,0.62,0,3.14,False,True,False,-2.79,0.09,-5.4,0.58,0.27,12.71,0.65,61.26,True,False
CN(C)c1ncccc1OCc1c(Br)nnn1C,312.17,1.62,0,5,2,56.07,4,0.86,0,2.94,False,False,False,-3.3,0.41,-4.76,0.97,59.92,57.91,0.98,77.13,False,True
COc1cccc(Nc2nnc(COCc3ccccc3)o2)n1,312.33,2.93,1,7,3,82.3,7,0.72,0,2.37,False,False,False,-4.35,0.58,-4.85,0.87,97.4,77.73,0.97,98.27,False,True
Cc1ccc(CNC(=O)Cc2cc(-c3ccco3)on2)cc1Br,375.22,3.86,1,4,3,68.27,5,0.74,0,2.31,False,False,False,-5.05,0.68,-4.81,0.96,92.07,80.96,0.98,99.89,False,True
O=c1[nH]ccc(NCc2ncc(-c3ncc[nH]3)cn2)c1Br,347.18,1.93,3,5,3,99.35,4,0.67,0,3.04,False,False,False,-3.51,0.08,-5.39,0.39,34.3,12.11,0.47,76.54,False,True
O=C(NC1C=CCC(C(=O)O)C1)c1cnc(-c2ccncc2)o1,313.31,1.89,2,5,2,105.32,4,0.83,0,3.62,False,True,False,-2.91,0.18,-5.36,0.4,-1.1,-8.61,0.27,74.03,True,True
O=C(NC1CN(S(=O)(=O)C(F)(F)F)C1)OCc1ccncc1,339.3,0.84,1,5,1,88.6,4,0.88,0,2.58,False,False,False,-2.44,0.33,-4.85,0.79,25.13,28.13,0.86,65.26,False,True
COC(=O)Cc1n[nH]c(CNC(=O)C(C)NC(=O)CC2CCCC2)n1,351.41,0.22,3,6,1,126.07,8,0.58,0,3.02,False,False,False,-2.29,0.07,-5.66,0.68,10.18,21.6,0.66,59.08,False,False
Brc1cnc(Nc2cc3ccc(Br)cn3n2)c(I)c1,493.93,4.6,1,3,3,42.22,2,0.53,0,3.06,False,True,False,-5.62,0.6,-5.05,0.77,54.78,61.38,0.96,96.02,True,True
O=C(NNc1nc2cc(Cl)ccc2nc1Cl)NC1CCS(=O)(=O)CC1,404.28,2.14,3,6,2,113.08,3,0.68,0,2.68,False,True,False,-3.72,0.44,-5.14,0.69,16.18,5.08,0.69,88.14,True,True
Cc1ccnc(Br)c1OCC(=O)Cc1ccsc1,326.21,3.4,0,4,2,39.19,5,0.79,0,2.71,False,True,False,-3.72,0.31,-4.39,0.97,99.1,73.42,0.98,88.42,True,True
O=C(OCc1csc([N+](=O)[O-])c1)c1ccc(O)c(C2CCCCC2)c1,361.42,4.77,1,6,2,89.67,5,0.47,0,2.45,False,True,False,-6.16,0.53,-4.73,0.62,144.16,142.7,0.92,108.37,True,True
N#CC(C(=O)Cc1ccc(Br)cc1I)c1ncc(F)cn1,460.04,3.4,0,4,2,66.64,4,0.66,0,3.46,False,True,False,-4.72,0.22,-4.57,0.92,27.24,19.59,0.97,92.56,True,True
Nc1ccc(-n2cc(-c3cnn(-c4ccc(F)cc4)c3)cn2)c(F)c1,337.33,3.59,1,3,4,61.66,3,0.58,0,2.38,False,True,False,-5.42,0.78,-4.74,0.62,54.48,51.09,0.93,98.72,True,True
CS(=O)(=O)CC1(CNC(=O)c2cccc(O)c2Br)CC1,362.25,1.71,2,4,1,83.47,5,0.84,0,2.81,False,False,False,-2.17,0.22,-4.74,0.74,47.32,26.46,0.5,52.42,False,True
CC(=O)c1c(C)nc(=O)[nH]c1SCCC(=O)Nc1ccc(Cl)cc1F,383.83,3.19,2,5,2,91.92,6,0.45,0,2.6,False,False,False,-4.39,0.17,-4.51,0.76,56.06,39.97,0.86,91.64,False,True
CC(C)(C)S(=O)(=O)NC(=O)c1cc(Cc2ccccc2)[nH]n1,321.4,1.86,2,4,2,91.92,4,0.9,0,2.46,False,False,False,-4.1,0.05,-4.99,0.51,15.66,10.4,0.82,95.54,False,True
CN(CCc1nccs1)Cc1c(Br)nnn1C,316.23,1.71,0,5,2,46.84,5,0.84,0,3.12,False,False,False,-1.58,0.22,-4.81,0.98,36.67,25.12,0.97,49.62,False,True
COc1cc(CC(=O)N2CCN(C(C#N)c3ccc(F)cc3)CC2)c(OC)nn1,399.43,1.58,0,7,2,91.58,6,0.73,0,3.16,False,False,False,-3.62,0.3,-4.69,0.8,59.95,65.79,0.87,77.64,False,True
CC(=O)c1ccc(NC(=O)Nc2ccncc2Br)cc1,334.17,3.69,2,3,2,71.09,3,0.84,0,1.94,False,False,False,-4.3,0.42,-4.81,0.58,69.62,44.07,0.9,88.79,False,True
COc1ncc(Br)cc1CNc1nc(Br)c(C)o1,377.04,3.52,1,5,2,60.18,4,0.88,0,3.01,False,False,False,-5.29,0.4,-4.74,0.96,100.47,95.62,0.99,97.98,False,True
Cc1ccc(C[S+]([O-])CC(=O)Nc2ccc(I)cc2)cc1C,427.31,3.8,1,2,2,52.16,5,0.58,0,3.27,False,True,False,-4.42,0.66,-4.99,0.69,73.93,54.4,0.9,98.69,True,True
Cc1ccc(NC(=S)N(C)Cc2cnc(N(C)C)nc2)cc1,315.45,2.68,1,4,2,44.29,4,0.88,0,2.31,False,True,False,-4.09,0.47,-4.97,0.81,102.22,97.42,0.96,89.61,True,True
CCOCC1CCCC1Nc1ccc(C(=O)N=S(C)(=O)N(C)C)cc1,367.52,3.02,1,4,1,71.0,7,0.8,0,3.76,False,False,False,-3.58,0.67,-4.75,0.79,40.07,33.18,0.93,80.19,False,True
CC(Cc1ccco1)Nc1nc(I)co1,318.11,2.92,1,4,2,51.2,4,0.88,0,3.6,False,True,False,-4.37,0.35,-4.58,0.93,46.43,31.29,0.95,93.62,True,True
Cc1ccc(C)c(NC(=O)COc2cccc(-n3cncn3)c2)c1,322.37,2.9,1,4,3,69.04,5,0.78,0,2.0,False,False,False,-4.74,0.83,-4.94,0.81,101.76,80.49,0.94,99.11,False,True
O=C(Nc1cnn(COc2ccc(F)cc2Cl)c1)N1CCSSCC1,402.9,3.94,1,5,2,59.39,4,0.78,0,2.76,False,True,False,-5.29,0.48,-4.76,0.89,80.49,74.22,0.98,97.8,True,True
Cc1ccn(CC(=O)OCc2cc(F)ccc2Cl)c(=O)c1,309.72,2.69,0,3,2,48.3,4,0.82,0,2.18,False,False,False,-3.25,0.52,-4.27,0.98,101.68,61.99,0.98,84.6,False,True
Cc1ccc(CN(Cc2ccc3c(c2)CCOC3)Cc2c(C)oc(C)c2C)cc1O,405.54,5.49,1,4,3,45.84,6,0.59,0,2.75,False,False,False,-4.45,0.97,-5.27,0.9,100.87,109.13,0.81,97.19,True,True
CS(=O)(=O)C1CC(C(=O)N(c2ccc(Cl)nn2)C2CCCCC2)C1,371.89,2.62,0,5,1,80.23,4,0.81,0,2.91,False,False,False,-3.19,0.26,-4.75,0.88,24.9,35.19,0.89,72.14,False,True
O=S(=O)(CCc1cccc(Cl)c1)Nc1cc(-c2ccc(Br)cc2)ncn1,452.76,4.54,1,4,3,71.95,6,0.6,0,2.27,False,False,False,-5.16,0.72,-4.84,0.78,31.84,15.65,0.88,100.9,False,True
CC(C)(Cc1ccc(C#N)cc1)NC(=O)c1csc(C(F)(F)F)n1,353.37,3.78,1,4,2,65.78,4,0.91,0,2.62,False,False,False,-4.67,0.25,-4.61,0.76,52.51,50.63,0.96,91.93,False,True
COC(CS(=O)(=O)NC(c1cccnc1)c1cnn(C)c1)c1ccc(F)cc1,404.47,2.35,1,5,3,86.11,8,0.62,0,3.46,False,False,False,-2.37,0.37,-5.37,0.59,39.52,34.54,0.88,69.4,False,True
CCC(C)(CNc1nc(I)cnc1N)c1cnccn1,384.23,2.23,2,6,2,89.61,5,0.77,0,3.87,False,True,False,-4.43,0.74,-5.04,0.44,40.38,46.0,0.88,94.21,True,True
O=C(CNC(=O)c1cc(F)cc(F)c1)Nc1nsc(-c2ccc(C(F)(F)F)cc2)n1,442.37,3.87,2,5,3,83.98,5,0.59,0,2.52,False,False,False,-5.23,0.61,-4.8,0.63,31.52,28.79,0.91,98.13,False,True
COC1C(Nc2ccc3[nH]c(-c4ccc(Br)o4)nc3c2)CC12CCC2,402.29,4.95,2,4,3,63.08,4,0.65,0,4.18,False,False,False,-5.63,0.91,-5.06,0.79,48.47,62.35,0.91,97.75,False,True
Cc1cnc(C(NC(C)COc2c(C)cccc2C)c2nnnn2C)s1,372.5,2.74,1,7,3,77.75,7,0.69,0,3.68,False,False,False,-3.5,0.76,-5.21,0.95,63.48,56.05,0.99,90.79,False,True
Cn1cc(C(C)(C)C(=O)NCCc2ccc([Si](C)(C)C)cc2)cn1,343.55,2.6,1,2,2,46.92,6,0.82,0,2.72,False,True,False,-4.47,0.81,-4.8,0.69,92.39,93.71,0.97,93.77,True,True
CCCc1cc(C(=O)NNC(=O)Cc2ncc(Br)cn2)sc1C,397.3,2.57,2,5,2,83.98,5,0.76,0,2.63,False,True,False,-4.0,0.13,-4.97,0.74,42.28,35.06,0.89,94.58,True,True
Cc1ccc(NC(=O)CNc2ccc(C)cc2P(C)(C)=O)cc1,330.37,3.6,2,3,2,58.2,5,0.82,0,2.29,False,True,False,-4.06,0.78,-4.87,0.91,55.7,53.18,0.97,89.58,True,True
CSCC(C)(NC(=O)C1SCCS1)C(=O)NC(C)c1cncnc1,386.57,1.7,2,7,1,83.98,7,0.74,0,4.13,False,False,False,-2.05,0.19,-5.48,0.55,40.28,43.67,0.79,51.21,False,True
COc1ccc(C(C)=O)cc1C[S+]([O-])c1ccc(Cl)c(F)c1,340.8,4.0,0,3,2,49.36,5,0.61,0,3.4,False,True,False,-3.3,0.6,-4.4,0.93,97.04,70.88,0.96,80.08,True,True
CCOc1ccc(Nc2ccc(C(=O)N3CCS(=O)(=O)CC3)cn2)cc1Cl,409.9,2.75,1,6,2,88.6,5,0.82,0,2.36,False,False,False,-3.81,0.37,-4.72,0.6,43.02,21.72,0.74,88.41,False,True
O=C(CC1CS(=O)(=O)C1)NCC1CCC2(CCCCCC2)O1,329.46,1.81,1,4,0,72.47,4,0.85,0,3.64,False,False,False,-2.08,0.18,-4.77,0.88,29.65,16.83,0.8,50.58,False,True
Cc1ncc([N+](=O)[O-])n1CCOC(=O)c1ccc(OC2CCCCC2)cc1,373.41,3.67,0,6,2,96.49,7,0.42,0,2.41,False,True,False,-5.64,0.81,-4.58,0.96,151.25,134.01,0.97,105.27,True,True
CC(C)Cc1ncc(NC(=O)C2CCC(CCC(=O)O)O2)cn1,321.38,2.03,2,5,1,101.41,7,0.8,0,3.34,False,False,False,-2.7,0.06,-5.28,0.52,16.49,4.78,0.16,66.3,False,True
CC(C)c1ccc(NC(=S)NN=C2CCN(C(=O)C(F)(F)F)Cc3ccccc32)cc1,448.51,4.8,2,3,2,56.73,3,0.52,0,2.58,False,True,False,-5.93,0.68,-4.98,0.61,54.25,84.18,0.91,101.51,True,True
Clc1ccc2c(-c3ccnc4ccc(Cl)cc34)ccnc2c1,325.2,5.76,0,2,4,25.78,1,0.44,0,2.06,False,False,False,-5.8,0.65,-4.9,0.9,60.11,57.08,0.94,95.67,True,True
CCn1cc(-c2ccccc2)nc1NC(=O)C1CCC(F)(F)C1,319.36,3.94,1,2,2,46.92,4,0.93,0,3.06,False,False,False,-4.97,0.65,-4.58,0.93,83.59,67.73,0.97,95.85,False,True
COC(=O)CSCCNC1=CC(=O)N(c2ccccc2)C1=O,320.37,0.94,1,6,1,75.71,7,0.46,0,2.54,False,True,False,-3.61,0.13,-4.52,0.91,83.54,61.43,0.94,78.91,True,True
CC1=CCCCC1OC(=O)c1cnc(-c2ccccc2Cl)nc1,328.8,4.45,0,4,2,52.08,3,0.62,0,2.94,False,True,False,-5.77,0.48,-4.66,0.91,149.41,133.48,0.96,102.98,True,True
CCS(=O)(=O)CC=CCNC(=O)C(F)(F)c1nc2ccccc2s1,374.43,2.5,1,5,2,76.13,7,0.76,0,3.14,False,True,False,-3.04,0.32,-4.67,0.89,29.56,31.71,0.91,81.1,True,True
Cn1c(=O)nc(SCC(=O)c2ccc(C3CCCCC3)cc2)[nH]c1=O,359.45,2.49,1,5,2,84.82,5,0.65,0,2.47,False,False,False,-4.97,0.35,-4.73,0.66,55.17,40.16,0.84,99.56,False,True
N#CC1(C(=O)NNc2cc(C(=O)NCC3CCCCC3)ccn2)CCCO1,371.44,1.91,3,6,1,116.14,6,0.66,0,3.45,False,True,False,-4.57,0.54,-5.13,0.72,16.43,39.64,0.81,90.1,True,True
CN(CCCNC(=O)Cn1cc(OC2CCCC2)cn1)S(C)(=O)=O,358.46,0.6,1,5,1,93.53,9,0.65,0,2.63,False,True,False,-3.04,0.23,-4.75,0.89,93.84,75.8,0.91,69.13,True,True
COCC1(C(=O)NCc2c[nH]nc2C(=O)N(C)C2CC2)COC1,322.37,-0.08,2,5,1,96.55,7,0.73,0,3.31,False,False,False,-1.91,0.1,-4.84,0.89,44.44,36.69,0.87,45.53,True,True
CS(=O)(=O)NC(=O)Oc1ccc(OCCN2CCCC2)cc1,328.39,1.21,1,6,1,84.94,6,0.84,0,2.07,False,False,False,-1.92,0.19,-5.05,0.85,-4.1,-15.13,0.6,58.04,False,False
CC(NC(=O)NCC1(C(=O)O)CCCO1)c1ncc(Br)cn1,373.21,1.23,3,5,1,113.44,5,0.72,0,3.78,False,False,False,-1.35,0.05,-5.83,0.68,-0.76,-1.27,0.33,51.42,False,True
COc1ccc2nc(SCCCc3cccs3)[nH]c2n1,305.43,3.75,1,5,3,50.8,6,0.56,0,2.63,False,True,False,-4.61,0.71,-4.81,0.85,111.52,87.26,0.98,99.67,True,True
CCOc1ccc(OCC(O)CNc2ccc(F)c(Cl)c2)cc1,339.79,3.73,2,4,2,50.72,8,0.77,0,2.35,False,False,False,-4.34,0.85,-4.53,0.88,74.67,40.41,0.94,94.34,False,True
Cn1ncnc1C(O)(C(=O)NNc1ccc(F)c(Cl)c1)c1ncnn1C,380.77,0.12,3,7,3,122.78,5,0.54,0,3.2,False,True,False,-2.54,0.17,-5.77,0.48,9.97,15.59,0.41,69.27,True,True
O=C(NCc1cn2c(n1)CCCC2)C(=O)NC1CC2(C1)CS(=O)(=O)C2,366.44,-0.47,2,5,1,110.16,3,0.7,0,3.58,False,True,True,-1.92,0.01,-5.6,0.58,-10.37,9.1,0.23,40.35,True,True
COC1(OC)CC(OC(=O)c2cccnc2NC2CCC(C)(C)C2)C1,348.44,3.38,1,6,1,69.68,6,0.63,0,3.41,False,True,True,-4.59,0.47,-4.51,0.86,147.18,125.18,0.98,90.7,True,True
COc1ccnc(Br)c1COC(=O)Cc1ccc(F)cc1Br,433.07,4.04,0,4,2,48.42,5,0.53,0,2.5,False,True,False,-5.05,0.37,-4.47,0.96,91.63,84.98,0.98,95.9,True,True
CC1=C(CNc2ccc(NCCc3ccccc3)nn2)S(=O)(=O)CCO1,374.47,2.22,2,7,2,93.21,7,0.77,0,2.94,False,False,False,-4.36,0.79,-4.94,0.86,69.89,58.28,0.92,96.63,False,True
CN(CC(C)(O)C1CCCCC1)C(=O)Cn1cnc([N+](=O)[O-])n1,325.37,0.98,1,6,1,114.39,6,0.62,0,3.43,False,True,False,-2.65,0.34,-4.83,0.91,56.08,47.48,0.9,59.59,True,True
O=C(Cn1ccc(=O)c([N+](=O)[O-])c1)NC(CC1CCCCC1)c1ncccn1,385.42,2.37,1,6,2,120.02,7,0.58,0,3.34,False,True,False,-3.55,0.37,-5.14,0.66,34.65,32.73,0.67,75.63,True,True
CC(C)(C(=O)Nc1cc(F)cc(F)c1)C(=O)NC(CCc1nnn[nH]1)C(N)=O,395.37,0.05,4,6,2,155.75,8,0.46,0,3.39,False,True,False,-2.79,0.08,-5.96,0.46,0.28,7.42,0.31,71.93,True,True
Cn1[nH]cc(CC(N)C(=O)NNc2ccc(Cl)cc2Br)c1=O,388.65,1.14,4,4,2,104.94,5,0.58,0,3.35,False,True,False,-2.72,0.68,-5.65,0.7,-5.53,-7.9,0.82,68.38,True,True
N#Cc1c(COc2ccc3ccccc3c2I)cn2ccccc12,424.24,5.15,0,2,4,37.43,3,0.43,0,2.48,False,True,False,-7.4,0.42,-4.7,0.79,115.06,106.25,0.91,105.93,True,True
CC1=NOC(=O)C1CCC(=O)Nc1ccnn1C(C)C1CC1,304.35,2.12,1,5,1,85.58,6,0.82,0,3.93,False,True,False,-3.15,0.28,-4.86,0.89,12.09,9.57,0.89,68.58,True,False
Cc1cc(NN=Cc2nc(Br)nn2C)nnc1C,310.16,1.43,1,6,2,80.88,3,0.68,0,3.36,False,True,False,-2.9,0.27,-5.05,0.93,14.58,12.55,0.97,73.69,True,False
O=[N+]([O-])c1cc(OS(=O)(=O)c2cc([N+](=O)[O-])c3c([N+](=O)[O-])cccc3c2)cc2ccccc12,469.39,4.49,0,9,4,172.79,6,0.22,0,2.69,False,True,False,-6.9,0.33,-4.52,0.59,111.25,114.26,0.95,111.34,True,True
CC(C)c1ccc(C(=O)Nc2cc(-c3nccn3C)no2)c(O)c1,326.36,3.16,2,5,3,93.18,4,0.77,0,2.59,False,False,False,-5.0,0.62,-5.04,0.46,85.22,79.52,0.9,97.82,False,True
COc1ncncc1NC(=O)C1=CN(C)S(=O)(=O)N=C1C,311.32,-0.04,1,6,1,113.85,3,0.84,0,3.22,False,False,False,-3.04,0.08,-5.27,0.58,7.98,15.81,0.58,73.42,True,False
OC(Cc1ccccc1)Cc1cn(Cc2cn3cccnc3n2)nn1,334.38,1.52,1,5,4,81.13,6,0.58,0,3.04,False,False,False,-2.82,0.16,-5.51,0.77,35.75,33.66,0.85,70.54,False,True
CC(C)(C)c1cc(CNc2noc(-c3cccs3)n2)no1,304.38,3.7,1,7,3,76.98,4,0.79,0,2.84,False,False,False,-5.44,0.64,-4.88,0.8,147.68,141.7,0.98,101.35,False,True
Cc1ccc(C)c(OCc2nnc(SCC(=O)c3cccs3)o2)c1,360.46,4.3,0,7,3,65.22,7,0.46,0,2.33,False,False,False,-5.28,0.52,-4.85,0.92,151.58,140.13,0.98,104.73,False,True
Cc1cc(I)ccc1NNC(=O)C(C)(C)c1cnco1,385.21,3.01,2,4,2,67.16,4,0.63,0,3.11,False,True,False,-3.69,0.46,-4.65,0.74,29.21,16.35,0.92,87.61,True,True
COc1cc(C=NNc2cc(C)c(Br)cn2)sn1,327.21,3.06,1,6,2,59.4,4,0.69,0,3.25,False,True,False,-4.97,0.42,-4.81,0.89,113.67,94.43,0.99,97.45,True,True
CSCCC1(C(=O)OCc2nocc2-c2ccc(Cl)cc2)SCCCS1,430.02,5.36,0,7,2,52.33,7,0.55,0,3.37,False,False,False,-6.64,0.34,-4.89,0.92,123.4,136.82,0.98,107.29,True,True
Fc1cccn2nc(CSc3ccc4ccccc4c3)cc12,308.38,4.92,0,2,4,17.3,3,0.5,0,2.42,False,False,False,-5.45,0.58,-4.68,0.94,109.07,86.94,0.95,99.91,False,True
Cc1cnncc1CNC(=O)Nc1cc(Cl)cc(C)c1O,306.75,2.77,3,4,2,87.14,3,0.76,0,2.6,False,True,False,-3.12,0.2,-4.87,0.65,65.82,39.84,0.89,83.88,True,True
Cc1ccc(CSCCNc2ccnc(Cc3ccc(F)cc3)n2)cc1,367.49,4.86,1,4,3,37.81,8,0.58,0,2.23,False,True,False,-5.35,0.95,-4.89,0.85,99.04,81.85,0.93,101.49,True,True
C=CC1CN(C(=O)C(=O)NC(Cc2ccccc2)C(F)(F)F)CC1O,356.34,1.28,2,3,1,69.64,4,0.63,0,3.79,False,True,True,-2.53,0.22,-4.79,0.85,1.25,19.97,0.92,64.99,True,False
NC1=NC(=O)C(CC(=O)Nc2ccc(C(=O)C3CCC3)cc2)S1,331.4,1.95,2,5,1,101.62,5,0.8,0,2.74,False,False,False,-3.93,0.33,-5.28,0.56,9.97,16.64,0.69,82.16,False,False
Cc1ncc(CNC(=O)c2cc(Br)n(C)n2)s1,315.2,1.88,1,4,2,59.81,3,0.94,0,2.81,False,False,False,-2.95,0.1,-4.74,0.96,67.24,42.79,0.98,78.38,False,True
CCN(C(=O)Cc1ccc(Cl)cc1I)c1cnn(C)c1,403.65,3.27,0,2,2,38.13,4,0.74,0,2.7,False,True,False,-4.41,0.46,-4.59,0.94,81.09,60.87,0.98,91.82,True,True
O=S1(=O)CCCC(C[S+]([O-])c2nc(-c3ccc(F)cc3)cs2)C1,373.5,2.88,0,5,2,70.09,4,0.77,0,4.01,False,True,False,-2.67,0.4,-4.71,0.8,47.61,17.29,0.93,75.96,True,True
Cc1cc(C(=O)OCC2CCS(=O)(=O)C2)c(-n2cccc2)s1,339.44,2.44,0,5,2,65.37,4,0.8,0,3.34,False,False,False,-3.45,0.41,-4.36,0.9,99.73,69.83,0.93,86.74,False,True
Cc1ccc(C(C)C(=O)Nc2ccc(I)cc2Br)o1,434.07,4.7,1,2,2,42.24,3,0.71,0,2.97,False,True,False,-5.36,0.45,-4.65,0.87,69.09,56.25,0.95,95.01,True,True
O=C(O)C1SCCCN1Cc1cc(-c2ccccc2)cs1,319.45,3.76,1,4,2,40.54,4,0.93,0,3.0,False,False,False,-3.32,0.17,-5.18,0.6,30.07,12.66,0.36,95.1,False,True
COC(=O)C(c1cncc(Br)c1)n1cc(C)c(C=O)c1,337.17,2.53,0,4,2,61.19,4,0.64,0,3.56,False,True,True,-3.36,0.1,-4.6,0.75,86.04,60.83,0.84,84.47,True,True
CS(=O)(=O)c1ncc(C(=O)Oc2ccc(C3CCCCC3)cc2)s1,365.48,3.81,0,6,2,73.33,4,0.61,0,2.44,False,True,False,-4.67,0.31,-4.69,0.88,82.79,73.63,0.95,101.81,True,True
Cc1ccccc1NC(=O)C(C)Nc1ccc2nsnc2c1,312.4,3.44,2,5,3,66.91,4,0.77,0,2.55,False,False,False,-4.39,0.71,-5.01,0.77,64.43,47.49,0.94,95.64,False,True
CC(C)(C)[Si](C)(C)Oc1ccc(COC(=O)CC2CCS(=O)(=O)C2)cc1,398.6,3.94,0,5,1,69.67,6,0.54,0,2.94,False,True,True,-5.1,0.73,-4.52,0.8,99.77,96.92,0.95,99.54,True,True
FC(F)n1cnc(NCc2ncc(Br)s2)n1,310.13,2.5,1,5,2,55.63,4,0.94,0,3.4,False,False,False,-3.22,0.28,-4.81,0.89,39.0,31.34,0.95,83.44,False,True
CC(=Cc1ccc(OC(F)(F)F)cc1)C(=O)OCCOC(=O)NCc1ccccc1,423.39,4.46,1,5,2,73.86,8,0.39,0,2.31,False,True,False,-5.86,0.58,-4.8,0.94,123.72,133.43,0.97,104.83,True,True
COc1cncc(CNC(=O)C(C)=Cc2ccc(Br)o2)n1,352.19,2.56,1,5,2,77.25,5,0.84,0,2.82,False,True,False,-3.8,0.25,-4.51,0.89,76.68,55.02,0.98,89.5,True,True
O=C(C=Cc1ccc(Cl)nc1)Nc1cnn(CC(F)F)c1,312.71,2.85,1,3,2,59.81,5,0.68,0,2.64,False,True,False,-4.17,0.24,-4.77,0.63,40.48,23.65,0.86,86.45,True,True
NC1CCC(n2cc(CCN3CCNS(=O)(=O)CC3)nn2)CC1,342.47,-0.5,2,6,1,106.14,4,0.76,0,3.15,False,False,False,-1.09,0.23,-6.01,0.78,6.35,-2.64,0.72,4.54,True,False
O=C(O)C=CC1CCC(Nc2cccnc2Sc2ccccc2)C1,340.45,4.45,2,4,2,62.22,6,0.76,0,3.33,False,True,False,-4.33,0.24,-4.93,0.35,31.4,11.95,0.42,97.88,True,True
CN(C)c1ccc2cc(NCc3cc(Cl)cc4c3OCOC4)ccc2c1,368.86,5.04,1,4,3,33.73,4,0.7,0,2.48,False,False,False,-5.43,0.96,-5.09,0.92,87.07,86.05,0.93,99.87,True,True
CSc1c(C(=O)NC(C)(C)c2c(Cl)cccc2Cl)cnn1C,358.29,4.11,1,3,2,46.92,4,0.84,0,2.94,False,False,False,-5.05,0.45,-4.65,0.86,110.52,93.35,0.98,95.89,False,True
CC1CC(C#N)(CNS(=O)(=O)c2csc(-c3ccccc3)n2)C1,347.47,3.03,1,5,2,82.85,5,0.9,0,2.84,False,False,False,-4.91,0.54,-4.85,0.91,90.88,94.55,0.96,101.17,False,True
CC(C)(C)c1cc(NCc2nncn2C2CC2)c(C#N)s1,301.42,3.46,1,5,2,66.53,4,0.94,0,3.16,False,False,False,-4.49,0.6,-4.65,0.84,92.61,86.97,0.98,89.09,False,True
Cc1ncc(S(=O)(=O)Nc2ncc(C3CCCCC3)cn2)n1C,335.43,2.37,1,5,2,89.77,4,0.93,0,2.76,False,False,False,-3.19,0.15,-5.23,0.64,26.28,21.02,0.8,89.83,False,True
COC(=O)C1(COC(=O)c2cnc(C3CCN(C(=O)OC(C)(C)C)CC3)nc2)COC1,435.48,1.94,0,9,1,117.15,5,0.5,0,2.9,False,True,False,-3.3,0.22,-4.58,0.88,107.5,110.62,0.97,86.05,True,True
CC(C)(CNC(=O)Nc1cccc(NC(=O)N2CCCC2)c1)c1nnn[nH]1,372.43,1.93,4,5,2,127.93,5,0.64,0,2.67,False,False,False,-3.3,0.28,-6.0,0.46,7.38,19.22,0.43,72.8,False,True
O=C(CN(CC(=O)c1ccc(F)cc1)C1CCCCC1)Nc1nncs1,376.46,3.13,1,6,2,75.19,7,0.75,0,2.4,False,False,False,-4.64,0.87,-4.82,0.91,80.27,70.32,0.89,97.71,False,True
Cc1cccc(C(=O)NNC(=O)c2cc3nn[nH]c3s2)c1Cl,335.78,2.06,3,5,3,99.77,2,0.62,0,2.86,False,True,False,-4.14,0.1,-5.16,0.45,43.85,26.07,0.63,93.55,True,True
COc1ccc(C=CC(=O)Nc2c(Br)nnn2C)c(C)c1,351.2,2.55,1,4,2,69.04,4,0.86,0,2.68,False,True,False,-4.54,0.26,-4.88,0.87,60.01,53.45,0.97,94.55,True,True
CN(Cc1cn(-c2ccnc(F)c2)nn1)Cc1ncc(Br)s1,383.25,2.65,0,6,3,59.73,5,0.63,0,3.03,False,True,False,-3.61,0.19,-4.88,0.9,40.95,40.24,0.95,86.59,True,True
CSc1ccc(CNC(=O)Nc2sccc2Cl)o1,302.81,4.04,2,4,2,54.27,4,0.84,0,2.79,False,False,False,-5.24,0.39,-4.64,0.91,116.97,102.2,0.98,99.11,False,True
CN(CCc1cnccn1)CCn1cnc(Br)n1,311.19,1.01,0,5,2,59.73,6,0.8,0,2.92,False,False,False,-0.45,0.15,-5.25,0.85,10.39,-1.34,0.82,15.65,False,False
O=C(NCC1CCCCS1(=O)=O)C(CC1CCCCC1)c1ccccc1,377.55,3.82,1,3,1,63.24,6,0.82,0,3.38,False,False,False,-4.42,0.79,-4.5,0.97,64.38,49.07,0.95,91.18,False,True
O=C(NCc1ccncc1Br)c1cnc(-c2nnn[nH]2)cn1,361.16,0.74,2,7,3,122.23,4,0.7,0,2.88,False,False,False,-3.71,0.04,-5.64,0.75,32.22,17.44,0.76,83.86,False,True
O=S(=O)(N=S1(=O)CCOCC1)c1cc(-c2ccccc2)no1,342.4,1.53,0,6,2,98.83,3,0.84,0,3.23,False,False,False,-2.43,0.05,-5.11,0.92,13.52,6.53,0.92,91.91,False,True
CC(C)(c1ccc(CNC(=O)c2ccccc2Cn2cncn2)cc1)C(F)(F)F,402.42,4.1,1,3,3,59.81,6,0.68,0,2.43,False,False,False,-4.61,0.88,-5.04,0.7,47.4,44.12,0.96,95.43,False,True
Cc1n[nH]cc1C(=O)OC(c1ccsc1)c1cc(C)n(C)n1,316.39,2.77,1,5,3,72.8,4,0.75,0,3.74,False,False,False,-2.89,0.5,-4.92,0.75,94.79,65.98,0.92,82.81,False,True
COc1cccc(OC)c1OCC(C)(O)c1ccc(Br)cc1F,385.23,3.89,1,4,2,47.92,6,0.82,0,2.7,False,False,False,-4.37,0.67,-4.39,0.92,100.07,75.14,0.97,91.57,False,True
Cc1cccc(F)c1CNc1csc2ccc(Br)cc12,350.26,5.72,1,2,3,12.03,3,0.64,0,2.37,False,False,False,-6.32,0.73,-4.88,0.96,117.33,111.4,0.94,100.78,True,True
CCN(C(=O)CON=C(N)C1CCS(=O)(=O)CC1)c1ccccc1,353.44,1.15,1,5,1,102.06,6,0.47,0,2.73,False,True,False,-1.76,0.34,-5.07,0.91,31.23,30.88,0.79,44.49,True,True
Cc1ccc(C(=O)NOCc2nnnn2-c2ccc(C(F)(F)F)cc2)cc1,377.33,2.85,1,5,3,81.93,5,0.69,0,2.36,False,True,False,-5.01,0.47,-5.02,0.92,54.86,50.5,0.98,100.64,True,True
Cc1cc(C(C)NC(=O)N(C)c2ncc(Br)cn2)ccc1F,367.22,3.59,1,3,2,58.12,3,0.9,0,2.94,False,False,False,-4.26,0.32,-4.7,0.91,82.19,63.05,0.98,92.73,False,True
O=C(NC(Cc1c[nH]cn1)C(=O)NOCc1nnn[nH]1)C1CCCCC1,362.39,-0.22,4,7,2,150.57,8,0.47,0,3.54,False,True,False,-2.64,0.03,-6.33,0.36,4.6,14.27,0.18,62.67,True,True
CCCCCCOc1ccc(CC(=O)NCCc2noc(=O)n2C)cc1,361.44,2.23,1,5,2,86.36,11,0.62,0,2.37,False,True,False,-4.53,0.46,-4.76,0.94,58.11,46.22,0.98,91.15,True,True
COC(=O)C1CCOCCN1Cc1csc(Nc2ccccc2)n1,347.44,2.65,1,7,2,63.69,5,0.84,0,2.74,False,False,False,-3.99,0.73,-4.71,0.91,103.64,76.78,0.97,92.27,False,True
CN(C(=O)C=Cc1ccsc1C(F)(F)F)c1cnc(Br)cn1,392.2,4.0,0,4,2,46.09,3,0.74,0,3.27,False,True,False,-4.92,0.18,-4.72,0.85,53.89,53.58,0.98,96.78,True,True
O=S(=O)(NCc1ccc(Br)cc1)NC(COc1cccc(F)c1)c1cccc(C(F)(F)F)c1,547.37,5.35,2,3,3,67.43,9,0.36,0,2.96,False,False,False,-5.19,0.96,-5.12,0.9,56.44,69.09,0.93,101.75,True,True
CC1(C)CCN(Cc2cc(Cc3ccccc3)on2)CCS1,316.47,3.98,0,4,2,29.27,4,0.85,0,2.63,False,False,False,-3.72,0.79,-4.59,0.97,73.7,58.95,0.98,82.41,False,True
CC(c1ccncc1)N(C)C(=O)c1cccc([Si](C)(C)C)c1,312.49,3.46,0,2,2,33.2,4,0.81,0,2.83,False,True,False,-3.94,0.8,-4.67,0.73,112.54,100.99,0.97,83.53,True,True
CN(CC(=O)N(C)CC(=O)Nc1c(Cl)cccc1Cl)Cc1nnc(O)o1,402.24,1.61,2,7,2,111.8,7,0.72,0,2.69,False,False,False,-1.95,0.1,-5.25,0.47,31.06,20.77,0.23,71.65,False,True
O=C(NCC1CC1[N+](=O)[O-])Nc1ncc(C2CCC2)cc1Br,369.22,2.9,2,4,1,97.16,5,0.62,0,3.64,False,True,False,-4.97,0.43,-4.73,0.83,47.5,53.99,0.85,95.61,True,True
Cn1c(Nc2ccc3nsnc3c2)nc2cc(Br)ccc21,360.24,4.08,1,5,4,55.63,2,0.59,0,2.5,False,False,False,-4.9,0.7,-5.03,0.72,70.74,57.61,0.96,96.63,False,True
CS(=O)(=O)C1CC(CNCc2cc(-c3ccccc3)ccn2)C1,330.45,2.66,1,4,2,59.06,6,0.88,0,2.37,False,False,False,-2.8,0.72,-4.86,0.97,20.06,3.51,0.92,63.7,False,True
CCOP(=O)(C=CCC1(NS(=O)(=O)c2ncn(-c3ccccc3)n2)CCC1)OCC,454.49,3.64,1,7,2,112.41,11,0.52,0,3.35,False,True,False,-2.93,0.61,-5.25,0.91,31.54,55.95,0.98,83.01,True,True
CCOC(=O)c1nnc(S(=O)(=O)NCc2cccc(COC3CCCCC3)c2)s1,439.56,3.04,1,8,2,107.48,9,0.6,0,2.6,False,False,False,-4.2,0.69,-5.07,0.9,110.89,115.74,0.97,101.86,False,True
COc1cc(C)ccc1C(=O)OCc1cccc(OC)c1OC,316.35,3.38,0,5,2,53.99,6,0.76,0,1.87,False,False,False,-4.59,0.56,-4.5,0.97,174.8,152.76,0.99,94.68,False,True
CCCc1ccc(C#CC(=O)OCc2cc(Cl)c3cccc(Br)c3n2)cc1,442.74,5.7,0,3,3,39.19,4,0.38,0,2.6,False,True,True,-6.6,0.23,-4.9,0.59,97.98,103.72,0.87,102.24,True,True
COC(=O)c1cc(CSC(C)c2ccc(F)cc2C)on1,309.36,3.9,0,5,2,52.33,5,0.78,0,2.99,False,False,False,-3.97,0.41,-4.48,0.96,148.36,118.17,0.98,90.63,False,True
CN(Cc1cccc(F)c1)C(=O)Cc1csc2cncn12,303.36,2.74,0,3,3,37.61,4,0.74,0,2.71,False,False,False,-1.99,0.76,-4.56,0.91,78.98,46.99,0.95,62.59,False,True
O=C(CN1CCS(=O)(=O)CC1)OCC(=O)c1cccc2ccccc12,361.42,1.3,0,6,2,80.75,5,0.59,0,2.25,False,False,False,-2.98,0.44,-4.56,0.97,91.37,57.79,0.92,81.51,False,True
Cc1nccc(CCC(=O)NC(c2cnn(C)c2)C(C)(C)C)n1,315.42,2.35,1,4,2,72.7,5,0.92,0,3.14,False,False,False,-1.9,0.18,-5.2,0.67,28.88,24.28,0.9,46.4,False,True
NCC1(CC(=O)NNc2nccnc2C2CCC2)CCS(=O)(=O)CC1,367.48,0.73,3,7,1,127.07,6,0.63,0,3.2,False,True,False,-2.31,0.24,-5.6,0.76,-4.01,2.37,0.58,43.87,True,False
O=C1CCOC(C(=O)OCc2ccn(Cc3ccccc3)n2)C1,314.34,1.72,0,5,2,70.42,5,0.79,0,2.93,False,False,False,-2.14,0.23,-4.62,0.96,69.41,38.22,0.97,69.27,False,True
CSc1cnccc1NC(=O)NC(CCO)c1cncs1,324.43,2.51,3,6,2,87.14,6,0.71,0,3.41,False,False,False,-2.06,0.28,-5.13,0.47,47.06,21.32,0.79,58.46,False,True
Cc1ncncc1C(C)OC(=O)C(C)(C)C(F)c1ccccc1,316.38,4.13,0,4,2,52.08,5,0.78,0,3.51,False,False,False,-3.34,0.54,-4.65,0.89,113.83,90.95,0.98,84.76,False,True
CC(C)c1ccc(C=CC(=O)Nc2cccc(Oc3ccc([N+](=O)[O-])cc3)c2)cc1,402.45,6.16,1,4,3,81.47,7,0.29,0,2.06,False,True,False,-7.23,0.49,-4.83,0.36,113.44,109.85,0.82,107.29,True,True
COc1ncc(C(=O)NS(=O)(=O)CC[Si](C)(C)C)c(C(F)(F)F)n1,385.44,1.9,1,6,1,98.25,6,0.75,0,2.99,False,True,False,-4.06,0.11,-4.56,0.66,44.22,37.8,0.8,94.62,True,True
O=S(=O)(CSCc1ccc(Cl)cc1)c1ccc(OCc2ccccc2)cn1,419.96,4.98,0,5,3,56.26,8,0.52,0,2.36,False,False,False,-5.46,0.7,-4.88,0.8,71.28,68.83,0.88,103.73,False,True
Cc1ccsc1CN(C)C(=S)NC(C)c1ccc(Br)cc1,383.38,4.89,1,2,2,15.27,4,0.76,0,2.81,False,True,False,-5.13,0.78,-4.95,0.89,122.7,117.24,0.93,98.85,True,True
CN(C(=O)NCCNS(=O)(=O)C1CC1)C1(C)CCCC1,303.43,1.04,2,3,0,78.51,6,0.72,0,2.92,False,True,False,-1.93,0.41,-4.67,0.95,50.5,30.43,0.94,45.56,True,True
COc1ccc(C=CC(=O)c2cc(O)ccc2F)c(Cl)c1O,322.72,3.8,2,4,2,66.76,4,0.66,0,2.42,False,True,False,-4.58,0.3,-4.73,0.19,133.12,103.33,0.89,98.73,True,True
O=C(CSCc1ccc(F)cc1)c1ccc2nc(O)oc2c1,317.34,3.79,1,5,3,63.33,5,0.73,0,2.36,False,False,False,-4.16,0.44,-4.65,0.52,99.01,61.86,0.85,98.93,False,True
COc1cscc1CNc1ncnc(I)c1C,361.21,3.07,1,5,2,47.04,4,0.67,0,3.1,False,True,False,-4.14,0.49,-4.78,0.88,81.66,65.58,0.95,94.06,True,True
O=C(COc1nsnc1Br)NCC(=O)Nc1ccccn1,372.2,0.83,2,7,2,106.1,6,0.78,0,2.62,False,False,False,-3.49,0.17,-5.02,0.91,30.65,26.58,0.91,86.98,False,True
CC(C)C1CN(C(=O)c2coc(CNC(=O)C3(C)SCCCS3)c2)C1,382.55,3.21,1,5,1,62.55,5,0.85,0,3.39,False,False,False,-3.75,0.22,-4.87,0.84,58.54,78.08,0.97,78.66,False,True
CC(C)(C)C(=O)NN(Cc1ccccc1)C(=O)CN1CCN(S(C)(=O)=O)CC1,410.54,0.67,1,5,1,90.03,5,0.72,0,2.53,False,True,False,-2.53,0.41,-4.86,0.87,47.05,59.76,0.93,61.62,True,True
Cc1ocnc1CCNc1nncc2cc(Br)ccc12,333.19,3.34,1,5,3,63.84,4,0.79,0,2.93,False,False,False,-4.03,0.63,-4.81,0.92,68.21,47.33,0.97,93.25,False,True
CC(Nc1cnc(N(C)C)nc1)C1COc2ccccc2O1,300.36,2.18,1,6,2,59.51,4,0.93,0,3.34,False,False,False,-4.26,0.85,-4.86,0.86,89.28,69.06,0.98,96.18,False,True
CC(C)(C)N(Cc1ccccc1)C(=O)COC(=O)C1CC(F)(F)CS1(=O)=O,403.45,2.18,0,5,1,80.75,5,0.7,0,3.52,False,False,False,-3.19,0.33,-4.52,0.85,88.81,87.13,0.93,86.45,False,True
Cc1ccc([S+]([O-])C(C)C(=O)NC(C)c2ccc(F)cc2)cc1C,347.46,3.82,1,2,2,52.16,5,0.84,0,3.68,False,True,False,-3.25,0.65,-4.87,0.78,69.71,50.77,0.96,87.42,True,True
CN1CCN(c2cncc(NNC(=O)Nc3nccc(P(C)(C)=O)n3)n2)CC1,405.4,0.42,3,9,2,128.27,5,0.48,0,3.26,False,True,False,-2.89,0.63,-5.71,0.51,-7.7,20.04,0.7,52.32,True,True
CC(C)(C)c1cccc(OCCOC(=O)c2nc3ccc(Cl)nn3n2)c1,374.83,3.31,0,6,3,78.61,5,0.5,0,2.79,False,True,False,-5.45,0.51,-4.94,0.93,127.31,131.3,0.99,103.55,True,True
CC1=C(Br)CCN(C(=O)c2cnnc(-c3ccccc3)c2)C1,358.24,3.66,0,3,2,46.09,2,0.82,0,2.65,False,False,False,-4.5,0.23,-4.63,0.96,89.62,79.71,0.97,94.3,False,True
c1ccc(Sc2ccc(-c3ccc(-c4ccccc4)s3)cn2)cc1,345.49,6.63,0,3,4,12.89,4,0.41,0,2.08,False,False,False,-6.54,0.37,-4.85,0.81,111.14,98.73,0.91,103.91,True,True
CCCC(C(=O)Nc1snnc1-c1ccccc1)S(N)(=O)=O,340.43,1.6,2,6,2,115.04,6,0.83,0,3.13,False,False,False,-3.0,0.22,-5.04,0.79,46.87,35.52,0.86,87.37,False,True
COC(=O)c1cccc(CSCc2nnccc2C)c1C,302.4,3.31,0,5,2,52.08,5,0.79,0,2.56,False,False,False,-3.61,0.44,-4.6,0.94,141.64,111.77,0.98,89.11,False,True
Cc1cc(C#N)cnc1SCc1ccc(Cl)c(Cl)c1,309.22,4.86,0,3,2,36.68,3,0.76,0,2.32,False,False,False,-6.0,0.35,-4.43,0.79,132.51,101.89,0.94,97.37,False,True
COc1ccc(C(NC2CC(c3cccc(F)c3)C2)c2ccc(OC)cc2)cc1,391.49,5.47,1,3,3,30.49,7,0.58,0,2.15,False,False,False,-5.19,0.97,-5.03,0.83,70.75,63.45,0.87,100.58,True,True
CS(=O)(=O)CC1CC(NC(=O)c2cnn(-c3ccccc3)c2)C1,333.41,1.43,1,4,2,81.06,5,0.9,0,2.41,False,False,False,-3.54,0.15,-4.91,0.83,17.76,11.63,0.77,73.78,False,True
Cn1cc(S(=O)(=O)Nc2ccccc2N2CCCCCC2)c([N+](=O)[O-])n1,379.44,2.51,1,6,2,110.37,5,0.63,0,2.49,False,True,False,-4.68,0.8,-4.82,0.9,62.97,64.16,0.97,100.44,True,True
CC1CCC2(CC1)NC(=O)N(NS(=O)(=O)N1CC=CC1)C2=O,328.39,0.11,2,4,0,98.82,3,0.57,0,3.76,False,True,False,-2.72,0.09,-4.79,0.91,34.8,33.8,0.93,66.88,True,True
COC(=O)C(Cc1cccnn1)NC1CCS(=O)(=O)C(C)C1,327.41,0.12,1,7,1,98.25,5,0.77,0,4.01,False,False,False,-0.86,0.07,-5.18,0.84,20.11,-1.0,0.73,23.85,False,True
CC(=NNCc1ccccc1N(C)C)c1ccc2c(c1)COC2,309.41,3.3,1,4,2,36.86,5,0.68,0,2.65,False,True,False,-3.55,0.95,-4.76,0.95,75.98,69.77,0.94,77.36,True,True
Cc1ncnc(NCc2ccc(I)c(Br)c2)c1F,422.04,3.9,1,3,2,37.81,3,0.76,0,2.58,False,True,False,-5.18,0.62,-4.69,0.94,93.27,77.9,0.98,95.55,True,True
C=C(COC(=O)c1cc(-n2cnnc2)ccn1)c1cccc(C)c1,320.35,2.84,0,5,3,69.9,5,0.68,0,2.7,False,False,False,-4.07,0.57,-4.92,0.85,109.69,93.34,0.96,95.6,False,True
CC(C)CNc1ccnc(SCC2(S(C)(=O)=O)CC2)n1,315.46,2.21,1,6,1,71.95,7,0.61,0,3.05,False,False,False,-4.02,0.35,-4.54,0.87,101.46,84.78,0.95,83.41,False,True
CC1(CNc2ncc(Br)nc2Oc2ccccc2)CS(=O)(=O)C1,398.28,2.88,1,6,2,81.18,5,0.83,0,2.96,False,False,False,-4.76,0.36,-4.68,0.88,46.99,35.98,0.94,98.97,False,True
COc1ccc(C(OC(=O)CN2CCN(S(C)(=O)=O)CC2)c2ccc(Cl)cc2)cc1,452.96,2.56,0,6,2,76.15,7,0.6,0,2.64,False,False,False,-4.1,0.86,-4.73,0.93,93.78,81.51,0.96,96.05,False,True
CN1C(=O)CC(CNC(=O)C(=O)NCCCCCC2CC2)C1=O,323.39,0.19,2,4,0,95.58,8,0.38,0,2.95,False,True,True,-3.28,0.08,-4.68,0.94,36.26,37.71,0.89,60.68,True,True
CN(CC(=O)NCc1cccs1)c1ncnc(Cl)c1Cl,331.23,2.6,1,5,2,58.12,5,0.86,0,2.64,False,False,False,-3.9,0.3,-4.73,0.92,114.8,97.56,0.92,88.73,False,True
Cc1cc(NC(=O)Nc2ccc3c(c2)CCN3C(N)=O)c(Br)cc1F,407.24,3.98,3,2,2,87.46,2,0.7,0,2.35,False,False,False,-5.06,0.42,-4.75,0.53,44.42,32.9,0.81,95.1,False,True
CCN(C)c1ccc(C(N)=NOCCc2ccc(OC)cc2OC)cc1,357.45,3.04,1,5,2,69.31,9,0.32,0,2.38,False,True,False,-3.9,0.96,-4.86,0.87,94.51,91.5,0.94,85.33,True,True
COC(=O)CC1(NC(=O)c2nc(C)cc(C(F)(F)F)n2)CCC(F)(F)CC1,395.33,3.04,1,5,1,81.18,4,0.63,0,3.17,False,False,False,-3.41,0.27,-4.59,0.97,18.83,23.15,0.99,81.34,False,True
Cc1nc(CCNc2csnc2Br)cs1,304.24,3.33,1,5,2,37.81,4,0.94,0,3.1,False,False,False,-2.54,0.39,-4.71,0.95,87.16,54.37,0.99,81.76,False,True
CP1(=O)CCN(NC(=O)c2ncsc2Cc2ccccc2)CC1,349.4,2.69,1,5,2,62.3,4,0.86,0,3.34,False,True,False,-2.49,0.24,-4.79,0.84,31.94,15.66,0.89,64.8,True,True
O=C(OCc1ccc(C2CCCCC2)cc1)C1=CCS(=O)(=O)C1,334.44,3.13,0,4,1,60.44,4,0.79,0,2.63,False,False,False,-4.7,0.44,-4.5,0.91,77.62,64.12,0.92,101.31,False,True
CN(C(=S)Nc1ccsc1)c1cc(Br)cc(C#N)c1,352.28,4.22,1,3,2,39.06,2,0.82,0,2.85,False,True,False,-5.48,0.33,-4.63,0.53,103.4,87.58,0.94,95.74,True,True
CS(=O)(=O)c1ccc(CNC(=O)c2ccccc2NCCC2=CCCCC2)nc1,413.54,3.72,2,5,2,88.16,8,0.64,0,2.42,False,True,False,-4.64,0.83,-4.87,0.92,67.42,62.35,0.96,96.15,True,True
Cc1ccc(CC(=O)OCc2cc(-c3cnn(C)c3C)no2)cc1,325.37,2.98,0,5,3,70.15,5,0.67,0,2.35,False,False,False,-4.34,0.56,-4.75,0.96,95.01,88.44,0.99,95.42,False,True
Cc1ccc(=O)[nH]c1CNC(=O)NCC1(CS(N)(=O)=O)CCC1,342.42,-0.06,4,4,1,134.15,6,0.58,0,3.02,False,False,False,-2.05,0.14,-5.73,0.65,28.82,19.18,0.33,44.86,True,True
Nc1cnccc1C(=O)NCc1sncc1Br,313.18,1.81,2,5,2,80.9,3,0.91,0,2.96,False,False,False,-3.02,0.47,-4.82,0.77,54.61,23.37,0.95,77.36,False,True
Cc1ccsc1C=CC(=O)NC(CO)Cc1cncs1,308.43,2.25,2,5,2,62.22,6,0.8,0,3.35,False,True,False,-2.53,0.53,-4.88,0.71,54.69,25.44,0.88,73.87,True,True
CC(C(=O)OC1CCC(S(C)(=O)=O)C1)c1cc2ccccc2s1,352.48,3.51,0,5,2,60.44,4,0.79,0,3.68,False,False,False,-4.08,0.38,-4.24,0.94,66.16,43.82,0.95,93.44,False,True
O=C(NCc1noc(C(F)(F)F)n1)c1ccc(CNC(=O)C2CCCC2)cc1,396.37,2.82,2,5,2,97.12,6,0.78,0,2.31,False,False,False,-3.63,0.34,-5.09,0.92,12.35,24.18,0.95,79.21,False,False
O=C(NS(=O)(=O)N1CCC1)C(c1cccs1)C1CCCCC1,342.49,2.48,1,4,1,66.48,5,0.89,0,3.07,False,False,False,-3.87,0.42,-4.64,0.95,46.06,35.98,0.95,90.8,False,True
NCc1ccc(CNC(=O)c2ccc3nnsc3c2)c(F)c1,316.36,2.22,2,5,3,80.9,4,0.77,0,2.37,False,False,False,-2.23,0.72,-5.16,0.85,23.81,4.91,0.9,59.89,False,True
CCn1cccc1C(=O)C(C#N)C(=O)c1sccc1Br,351.23,3.54,0,4,2,62.86,5,0.61,0,3.46,False,True,False,-4.43,0.25,-4.52,0.79,88.47,78.59,0.95,93.42,True,True
COc1nscc1CN(C)Cc1nc(Br)co1,318.2,2.53,0,6,2,51.39,5,0.85,0,3.49,False,False,False,-2.74,0.46,-4.59,0.97,59.64,52.86,0.99,73.58,False,True
N#Cc1cccc(OCc2ccoc2C(=O)NNC(=S)Nc2ccccc2F)c1,410.43,3.5,3,5,3,99.32,5,0.44,0,2.41,False,True,False,-5.56,0.41,-4.83,0.33,44.41,50.85,0.9,97.89,True,True
CNC(C(=O)NC(C)c1ncc(F)cn1)c1cccc(Cl)c1,322.77,2.41,2,4,2,66.91,5,0.89,0,3.23,False,False,False,-2.13,0.21,-4.98,0.84,22.39,5.39,0.94,60.17,False,True
CS(=O)(=O)n1ccc(NC(=O)Nc2ccc(COC3CCCC3)cc2)n1,378.45,2.79,2,5,2,102.32,6,0.8,0,2.48,False,False,False,-4.68,0.44,-4.99,0.7,35.32,36.91,0.86,94.81,False,True
COc1nsc(C(=O)N2CCN(c3ccccc3OC(F)F)CC2)c1I,495.29,3.32,0,6,2,54.9,5,0.6,0,2.66,False,True,False,-5.22,0.33,-4.55,0.95,85.65,90.85,0.99,98.95,True,True
Cc1ccsc1C(Cc1ccccc1)=NNC1CCS(=O)(=O)CC1,362.52,3.17,1,5,2,58.53,5,0.66,0,2.82,False,True,False,-3.67,0.79,-4.65,0.92,60.52,32.52,0.93,86.99,True,True
CC(C)c1ccc(C(C)NN=Cc2cccc3c2OCCO3)cc1,324.42,4.27,1,4,2,42.85,5,0.66,0,3.0,False,True,False,-5.27,0.83,-4.79,0.9,104.98,88.94,0.95,100.95,True,True
O=C(Nc1cncc2c(Cl)cccc12)n1ncc2ccccc21,322.76,4.32,1,3,4,59.81,1,0.57,0,2.45,False,False,False,-6.03,0.7,-4.93,0.84,100.81,90.41,0.96,102.26,False,True
O=C(Nc1ccc(Br)nc1)NC1(C(F)(F)F)CCS(=O)(=O)CC1,416.22,2.48,2,4,1,88.16,2,0.73,0,3.14,False,True,False,-3.53,0.09,-4.86,0.71,-4.21,-2.89,0.71,78.97,True,False
CN1CCC(=CC(=O)NNc2nc3cc(Br)ccc3s2)CC1,381.3,3.15,2,5,2,57.26,3,0.63,0,2.81,False,True,False,-3.6,0.79,-4.8,0.88,11.81,-1.62,0.88,87.72,True,True
Cc1ccc(NC(=O)C(=O)NC2(P(C)(C)=O)COC2)cc1C,324.32,1.71,2,4,1,84.5,3,0.65,0,2.94,False,True,True,-2.8,0.17,-5.11,0.87,22.08,44.63,0.93,74.56,True,True
Cc1nccnc1CSc1nnc(Cc2cccs2)o1,304.4,3.11,0,7,3,64.7,5,0.67,0,2.73,False,False,False,-3.0,0.19,-4.69,0.94,95.14,61.93,0.98,88.98,False,True
O=C(Cc1ccc(OC(F)(F)F)cc1)NS(=O)(=O)CCSc1ccccc1,419.45,3.37,1,5,2,72.47,8,0.66,0,2.29,False,False,False,-4.81,0.28,-4.7,0.77,14.42,15.44,0.88,100.95,False,True
CCC(C)(NC(=O)CC1(N)CS(=O)(=O)C1)c1nccs1,317.44,0.4,2,6,1,102.15,5,0.82,0,3.92,False,False,False,-1.27,0.05,-5.25,0.66,26.44,7.27,0.53,46.04,False,True
COc1ccccc1CC1CCN(c2ncnc(N(C)CCc3ccccc3C#N)n2)C1,428.54,3.5,0,7,3,78.17,8,0.54,0,3.1,False,False,False,-6.24,0.96,-5.0,0.9,114.11,133.72,0.97,105.15,False,True
CS(=O)(=O)C1CC(OC(=O)c2cc(-c3ccccc3)ns2)C1,337.42,2.54,0,6,2,73.33,4,0.8,0,2.75,False,False,False,-3.63,0.28,-4.43,0.93,83.79,58.95,0.96,92.15,False,True
CN(NC(=O)c1ccc(C(F)(F)F)[nH]1)S(=O)(=O)C1CC1,311.29,1.1,2,3,1,82.27,4,0.82,0,3.27,False,True,False,-2.67,0.07,-5.15,0.78,-20.85,9.32,0.88,66.0,True,False
O=C1CSCC(C(=O)Nc2nccn2-c2ccccc2)N1,302.36,1.04,2,4,2,76.02,3,0.89,0,3.14,False,False,False,-3.21,0.23,-5.04,0.72,28.27,15.91,0.64,75.39,False,True
CCN(C(=O)c1cc(I)ccc1I)c1cncnc1,479.06,3.35,0,3,2,46.09,3,0.64,0,2.74,False,True,False,-4.35,0.35,-4.73,0.79,80.23,59.6,0.89,91.85,True,True
CC(C)(C)OC(=O)N1CC=CC(NC(=O)Nc2nnc(Cc3cccc(Cl)c3)s2)C1,449.96,4.08,2,6,2,96.45,4,0.69,0,3.29,False,True,False,-4.99,0.42,-4.86,0.35,46.48,60.43,0.83,100.0,True,True
COc1[nH]nc(C(=O)NCc2ccnc(F)c2)c1I,376.13,1.49,2,4,2,79.9,4,0.63,0,2.93,False,True,False,-3.47,0.09,-4.79,0.87,50.97,34.98,0.92,82.55,True,True
N#CC1(COC(=O)c2ccnnc2Oc2ccc(F)cc2F)CC1,331.28,3.01,0,6,2,85.1,5,0.78,0,2.87,False,False,False,-4.24,0.23,-4.14,0.96,101.91,82.18,0.98,87.4,False,True
O=C(OCc1nnnn1Cc1ccccc1)C1CCCS(=O)(=O)C1,350.4,0.59,0,7,2,104.04,5,0.73,0,2.88,False,False,False,-2.73,0.19,-5.03,0.96,55.37,38.95,0.95,71.05,False,True
CC(C)(C)c1ccc(C(=O)NS(=O)(=O)c2ccc(-c3ccc(Br)cc3)cc2)cc1,472.4,5.53,1,3,3,63.24,4,0.54,0,1.94,False,False,False,-5.76,0.25,-4.92,0.39,27.51,38.87,0.79,104.9,True,True
S=C(NN=Cc1sc(Oc2ccccc2)nc1Cl)NC1CCC1,366.9,3.94,2,5,2,58.54,5,0.48,0,2.66,False,True,False,-6.0,0.24,-4.68,0.73,71.6,68.3,0.97,102.06,True,True
COc1cscc1CNC(=O)C(F)(F)c1cscc1C(F)(F)F,371.35,4.25,1,4,2,38.33,5,0.8,0,3.31,False,False,False,-4.81,0.63,-4.78,0.92,76.17,84.23,0.97,96.13,False,True
Cc1cc(C(C)OC(=O)c2cc(Cl)c(Br)[nH]2)on1,333.57,3.65,1,4,2,68.12,3,0.87,0,3.53,False,False,False,-3.86,0.18,-4.48,0.95,98.66,79.44,0.99,90.79,False,True
O=C(Nc1nc(CCC2CC2)cs1)NN1CCS(=O)(=O)CC1,344.46,1.25,2,6,1,91.4,5,0.84,0,2.89,False,False,False,-3.64,0.33,-4.78,0.81,49.88,25.54,0.78,86.03,False,True
Cc1nc(CCC(=O)NCCc2ccc(Cl)cc2)cs1,308.83,3.4,1,3,2,41.99,6,0.89,0,1.93,False,False,False,-3.17,0.84,-4.56,0.98,88.08,46.83,0.98,87.08,False,True
COCc1nnc(COC(=O)c2sc(NC(=O)C3CCCC3)cc2C)s1,395.51,3.54,1,8,2,90.41,7,0.72,0,2.65,False,False,False,-4.37,0.2,-4.74,0.83,122.74,108.58,0.97,99.24,False,True
CN(CCNC(=O)c1cc2ccccc2oc1=O)S(=O)(=O)F,328.32,0.67,1,5,2,96.69,5,0.64,0,2.46,False,True,True,-3.88,0.11,-4.69,0.93,34.89,41.46,0.85,84.21,True,True
Cc1cc(Cl)cc(C)c1CNC(=O)NCc1ncc(Cl)cn1,339.23,3.4,2,3,2,66.91,4,0.9,0,2.42,False,False,False,-4.1,0.51,-5.03,0.94,81.03,62.92,0.98,95.89,False,True
O=C(NCc1cc[nH]c(=O)c1)Nc1cnccc1-c1ccc(C(F)(F)F)cc1,388.35,3.78,3,3,3,86.88,4,0.64,0,2.43,False,False,False,-4.9,0.69,-5.06,0.56,31.48,18.88,0.88,96.01,False,True
Cc1nc(CCCNc2nc3cc(Cl)cnc3[nH]2)cs1,307.81,3.42,2,5,3,66.49,5,0.71,0,2.71,False,True,False,-3.37,0.71,-5.18,0.76,44.54,22.23,0.93,89.34,True,True
COc1n[nH]cc1NC(=O)Nc1ccc(Cl)nc1Br,346.57,2.87,3,4,2,91.93,3,0.75,0,3.12,False,True,False,-4.53,0.2,-4.9,0.43,38.81,31.46,0.79,90.98,True,True
Oc1cc(-c2c(F)cc(I)cc2F)c2ccccc2c1,382.15,5.1,1,1,3,20.23,1,0.58,0,2.3,False,True,False,-6.16,0.47,-4.65,0.73,84.79,70.83,0.91,99.71,True,True
CC1=CCC(NC(=O)c2ccc(Sc3ccccc3Cl)nn2)CC1,359.88,4.51,1,4,2,54.88,4,0.82,0,3.06,False,True,False,-5.2,0.35,-4.62,0.86,86.91,68.11,0.97,99.37,True,True
CC(O)c1ccc(C(=O)NC2CCCCC2S(N)(=O)=O)cc1,326.42,1.07,3,4,1,109.49,4,0.77,0,3.28,False,False,False,-1.84,0.11,-5.59,0.54,19.12,9.87,0.41,47.13,False,True
CS(=O)(=O)CCC1CC(OC(=O)COc2ncnc3ccccc23)C1,364.42,1.77,0,7,2,95.45,7,0.69,0,2.57,False,False,False,-3.58,0.17,-4.51,0.95,78.43,58.85,0.89,84.43,False,True
Cc1ccc(NCc2cnc(C(C)(C)C)nc2)c(F)c1Br,352.25,4.6,1,3,2,37.81,3,0.88,0,2.65,False,False,False,-4.97,0.49,-4.7,0.85,120.22,108.91,0.99,96.96,False,True
CC(Oc1cc(NC(=O)CSCC(=O)N2CCOCC2)ncc1Br)C1CCC1,472.41,2.94,1,6,1,80.76,8,0.63,0,3.18,False,False,False,-4.35,0.56,-4.76,0.87,103.67,95.15,0.97,95.68,False,True
O=C(OCCCCCCF)c1ccc2c(c1)S(=O)(=O)N=CN2,328.37,2.52,1,5,1,84.83,7,0.61,0,2.92,False,True,False,-3.81,0.29,-4.77,0.88,31.88,26.47,0.93,93.04,True,True
Cc1cc(C(=O)NNC(=O)c2csc(I)c2)n[nH]1,376.18,1.46,3,4,2,86.88,2,0.55,0,2.83,False,True,False,-4.14,0.03,-5.01,0.56,12.43,-3.21,0.45,90.63,True,True
CC(NCc1c(F)cccc1Br)c1ncc(Br)cn1,389.07,3.99,1,3,2,37.81,4,0.86,0,2.97,False,False,False,-3.06,0.58,-4.59,0.95,63.2,30.59,0.98,82.82,False,True
N#Cc1ccc(Nn2ccnc2SCC(=O)NCC(=O)Nc2ccc(F)c(F)c2)cc1,442.45,2.76,3,6,3,111.84,8,0.46,0,2.57,False,False,False,-4.64,0.74,-4.96,0.46,65.75,55.38,0.85,90.25,False,True
COC1CC(CNc2ccccc2C2CCCCC2)C(OC)O1,319.45,4.13,1,4,1,39.72,6,0.86,0,3.56,False,False,False,-5.0,0.77,-4.7,0.97,106.85,94.49,0.97,98.0,False,True
Cn1oc(C(=O)NCCSCc2cn(CC3CCCC3)nn2)cc1=O,365.46,1.42,1,6,2,94.95,8,0.71,0,3.11,False,True,False,-3.48,0.35,-5.0,0.91,55.69,50.36,0.95,71.25,True,True
COCc1nnc(COn2c(C3CCCCC3)cc(C)cc2=O)o1,333.39,2.36,0,6,2,79.38,6,0.81,0,2.94,False,False,False,-3.55,0.33,-4.65,0.95,75.48,54.84,0.98,88.75,False,True
CC(NC(=O)Nc1cnc(-c2ncccn2)nc1)c1ccccn1,321.34,2.21,2,6,3,105.58,4,0.76,0,2.83,False,False,False,-2.77,0.13,-5.24,0.6,27.81,8.96,0.74,66.35,False,True
CCc1ccc2nccc(Nc3ccccc3CSC)c2c1,308.45,5.4,1,3,3,24.92,5,0.68,0,2.21,False,False,False,-5.42,0.86,-5.0,0.88,123.54,111.93,0.92,99.76,True,True
O=C(NCc1conc1C1CCC1)NC1CSCCSC1,327.48,2.59,2,5,1,67.16,4,0.89,0,3.24,False,False,False,-3.94,0.31,-4.98,0.95,57.12,49.33,0.97,85.02,False,True
Cc1cc(C(=O)OCCOc2cc(Cl)cc(Cl)c2)cc2[nH]nnc12,366.2,3.81,1,5,3,77.1,5,0.55,0,2.59,False,True,False,-5.87,0.43,-4.9,0.87,121.79,108.21,0.96,103.48,True,True
O=[N+]([O-])c1ccc2c(NCCc3cc4ccccc4o3)nccc2c1,333.35,4.54,1,5,4,81.2,5,0.43,0,2.33,False,True,False,-6.13,0.91,-4.78,0.94,90.47,85.06,0.97,104.66,True,True
Cc1cc(COC(=O)CCSc2ccc(C)c(C)c2)c(C)nn1,330.45,3.94,0,5,2,52.08,6,0.59,0,2.46,False,False,False,-3.73,0.7,-4.72,0.99,117.16,95.42,0.99,92.9,False,True
CC1(C)OCC(O)(COC(=O)c2cscc2C2CCCC2)CO1,340.44,3.08,1,6,1,64.99,4,0.85,0,3.27,False,False,False,-3.74,0.3,-4.56,0.94,104.47,84.0,0.96,91.28,False,True
CCS(=O)(=O)NCCNC(=O)c1ccoc1-c1ccccc1,322.39,1.62,2,4,2,88.41,7,0.76,0,2.31,False,True,False,-3.25,0.42,-4.69,0.94,48.21,30.75,0.92,74.41,True,True
O=C(CC1CC(F)(F)C1)OCc1oc2ccccc2c1Br,359.17,4.67,0,3,2,39.44,4,0.74,0,2.84,False,False,False,-5.39,0.35,-4.36,0.98,85.92,72.53,0.98,97.19,False,True
O=C(NCc1nnc(CO)s1)NC(=O)c1c(F)cccc1F,328.3,0.95,3,6,2,104.21,4,0.77,0,2.5,False,False,False,-2.64,0.03,-4.96,0.85,37.34,20.69,0.76,67.33,False,True
CC(C)(Cc1ccccc1)C(=O)NCc1cnc(Br)cn1,348.24,3.12,1,3,2,54.88,5,0.9,0,2.43,False,False,False,-3.37,0.31,-4.79,0.97,78.32,63.02,0.99,85.89,False,True
O=C(NCCc1nsc2ccccc12)C(F)C1CCS(=O)(=O)CC1,370.47,2.12,1,5,2,76.13,5,0.87,0,3.45,False,False,False,-2.95,0.38,-4.77,0.92,34.72,23.74,0.91,72.85,False,True
CN(C)S(=O)(=O)N1CC(NC(=O)NCc2cnn(C3CCCCC3)c2)C1,384.51,0.68,2,4,1,99.57,6,0.75,0,2.68,False,False,False,-2.54,0.46,-5.56,0.65,27.01,51.72,0.76,65.87,False,True
COCC(C)(NC(=O)c1cc(C2CCCCC2)n[nH]1)c1nnn[nH]1,333.4,1.26,3,6,2,121.47,6,0.73,0,3.82,False,False,False,-3.82,0.13,-5.77,0.65,24.38,30.31,0.78,84.18,False,True
CC(C)(C)c1ccc(C(=O)CCC(=O)NCc2cc(Br)ccc2I)cc1,528.23,5.63,1,2,2,46.17,6,0.39,0,2.21,False,True,False,-6.21,0.81,-4.92,0.89,112.14,116.76,0.93,103.4,True,True
CC(C)(C)OC(=O)N1CC(CONC(=O)NCc2nc3c(s2)CCCCC3)C1,410.54,3.01,2,6,1,92.79,5,0.57,0,2.87,False,True,False,-4.05,0.49,-4.78,0.9,106.0,106.29,0.98,95.14,True,True
Cc1ccc(-c2cnc(C(=O)OCC(=O)N(C)Cc3ccc(Cl)c(Cl)c3)nc2)cc1,444.32,4.57,0,5,3,72.39,6,0.52,0,2.31,False,False,False,-5.17,0.8,-4.92,0.93,120.49,122.72,0.98,100.63,False,True
Cc1cccc(CN(C)C(=O)CCNc2oc(C)nc2-c2nnn[nH]2)c1,355.4,1.93,2,7,3,112.83,7,0.67,0,2.97,False,False,False,-3.6,0.56,-5.38,0.84,60.49,50.71,0.93,90.72,False,True
CN(CC(=O)OCc1cc(F)ccc1C(F)(F)F)c1ccnc(Cl)n1,377.73,3.47,0,5,2,55.32,5,0.45,0,2.63,False,False,False,-4.41,0.63,-4.63,0.97,65.34,59.54,0.99,95.14,False,True
O=C(CNC(=O)NCc1nc(-c2cccc(Br)c2)n[nH]1)Nc1ccccc1Br,508.17,3.43,4,4,3,111.8,6,0.41,0,2.35,False,False,False,-4.9,0.69,-5.29,0.73,29.07,29.82,0.79,98.87,True,True
CS(=O)(=O)NCC1CN(Cc2[nH]nnc2-c2ccccc2)CCO1,351.43,0.22,2,6,2,100.21,6,0.77,0,3.22,False,False,False,-2.66,0.25,-5.44,0.94,31.12,29.86,0.81,64.08,False,True
Cc1csc(C(C)C(=O)NNc2c(F)cccc2Cl)n1,313.79,3.49,2,4,2,54.02,4,0.85,0,3.02,False,True,False,-2.86,0.36,-4.47,0.85,54.29,36.28,0.95,76.85,True,True
CCOc1ccccc1-c1noc(=O)n1CC(O)COc1ccccc1,356.38,2.34,1,6,3,86.72,8,0.67,0,2.68,False,False,False,-4.28,0.73,-4.61,0.95,61.52,40.73,0.96,96.17,False,True
NS(=O)(=O)CC1CCN1C(=O)COc1cccc(O)c1,300.34,-0.34,2,5,1,109.93,5,0.77,0,2.92,False,False,False,-1.53,0.11,-5.33,0.63,59.93,35.22,0.25,52.75,True,True
Cc1cc(C)c(NS(=O)(=O)c2ccoc2C#N)c(Br)c1,355.21,3.33,1,4,2,83.1,3,0.92,0,2.85,False,False,False,-4.78,0.22,-4.57,0.6,62.79,55.94,0.92,98.62,False,True
CC(SCc1nc(C(=O)O)cs1)c1ccc(Cl)c(Cl)c1,348.28,5.14,1,4,2,50.19,5,0.81,0,2.92,False,False,False,-3.46,0.22,-4.78,0.3,51.92,20.61,0.73,95.7,True,True
CCc1cnc(-c2cn(CCOc3ccccc3OC)nn2)s1,330.41,3.05,0,6,3,62.06,7,0.67,0,2.43,False,False,False,-4.52,0.39,-4.78,0.94,131.79,110.2,0.99,99.06,False,True
O=S1(=O)CCN(CC(O)Cc2cccc(F)c2)CCC1c1ccccc1,377.48,2.59,1,4,2,57.61,5,0.87,0,3.21,False,False,False,-2.21,0.93,-4.79,0.97,37.71,8.72,0.89,65.97,False,True
CS(=O)(=O)CCCS(=O)(=O)Nc1ccc(OC2CCCCC2O)cc1,391.51,1.55,2,6,1,109.77,8,0.7,0,3.11,False,False,False,-3.4,0.36,-4.88,0.62,54.52,32.38,0.61,72.46,False,True
CN(Cc1nncn1C)C(=O)Nc1cn(C)nc1C(F)(F)Cl,333.73,1.5,1,4,2,80.87,4,0.86,0,3.11,False,True,False,-1.38,0.06,-5.12,0.94,21.1,11.08,0.91,39.92,True,True
N#Cc1cc(OC(=O)C=Cc2cccc([N+](=O)[O-])c2)cc2ccccc12,344.33,4.24,0,5,3,93.23,4,0.23,0,2.32,False,True,False,-6.74,0.25,-4.5,0.48,127.91,112.27,0.93,106.53,True,True
Cc1ccnc(-c2noc(C3CCN(Cc4ccccc4)C3)n2)n1,321.38,2.82,0,6,3,67.94,4,0.74,0,2.72,False,False,False,-2.7,0.91,-4.99,0.99,22.27,17.43,0.99,73.28,False,True
CC(C)(c1cccnc1)c1cn(-c2ncc(Br)cn2)nn1,345.2,2.54,0,5,3,69.38,3,0.73,0,2.9,False,False,False,-3.29,0.16,-4.95,0.84,71.16,57.68,0.98,83.88,False,True
Cc1ccc(NC(=O)CC(C)Nc2cncc([Si](C)(C)C)c2)cc1Cl,375.98,4.42,2,3,2,54.02,6,0.73,0,3.1,False,True,False,-5.6,0.88,-5.04,0.65,89.75,93.05,0.96,101.36,True,True
O=C(NCC(c1ccccc1)c1nc[nH]n1)NC1CCC=CCC1,325.42,2.73,3,3,2,82.7,5,0.74,0,3.43,False,True,False,-3.22,0.42,-5.53,0.65,19.44,13.93,0.76,76.91,True,True
CC(C)CCOc1ccccc1NC(=O)C(=O)NOC1CCCCO1,350.42,2.62,2,5,1,85.89,7,0.58,0,2.91,False,True,True,-4.32,0.3,-4.69,0.9,85.96,76.82,0.95,93.14,True,True
O=C(NC1CSCCSC1)c1ccnc(Oc2ccccc2)c1,346.48,3.45,1,5,2,51.22,4,0.92,0,2.51,False,False,False,-4.59,0.27,-4.69,0.91,80.3,47.57,0.96,96.27,False,True
O=c1cc(S(=O)(=O)NCCc2nc(-c3ccncc3)cs2)cc[nH]1,362.44,1.41,2,6,3,104.81,6,0.69,0,2.58,False,False,False,-3.04,0.51,-5.3,0.6,39.74,20.61,0.7,73.48,False,True
COc1cc(SC)ccc1NC(=S)Nc1cnn(C)c1,308.43,2.96,2,4,2,51.11,4,0.67,0,2.3,False,True,False,-4.61,0.55,-4.86,0.8,66.94,65.1,0.98,90.28,True,True
Cc1ccc(C=CC(=O)NCc2nc(C)c(C(=O)O)o2)cn1,301.3,1.71,2,5,2,105.32,5,0.81,0,2.63,False,True,False,-2.03,0.04,-5.42,0.47,6.82,-4.42,0.11,68.61,True,True
N#Cc1ccc(CC(=O)NCc2ncn(CC(=O)O)n2)cn1,300.28,-0.51,2,6,2,133.79,6,0.73,0,2.74,False,False,False,-2.27,0.0,-5.81,0.39,-13.12,-8.13,0.02,55.45,True,True
O=C(CN1CCS(=O)(=O)CC1)Nn1cnnc1-c1ccccc1,335.39,-0.25,1,6,2,97.19,4,0.83,0,2.66,False,False,False,-2.21,0.06,-5.22,0.85,27.2,7.08,0.53,53.23,True,True
CCC(CC)c1cc(CNC(=O)NC(c2noc(O)n2)C(C)(C)C)on1,365.43,3.25,3,7,2,126.31,7,0.69,0,3.73,False,False,False,-3.5,0.23,-5.37,0.21,35.76,42.98,0.67,87.03,False,True
C=CCn1cc(CNc2cc(NC)nc(-c3ccoc3)n2)nn1,311.35,2.17,2,7,3,93.69,7,0.65,0,3.0,False,True,False,-4.28,0.66,-5.15,0.83,50.15,40.55,0.94,90.65,True,True
Cc1ccc(C(=O)NCCNC(=O)c2ccc(Oc3cccc(OC(F)(F)F)c3)cc2)cc1,458.44,4.85,2,4,3,76.66,8,0.47,0,2.05,False,True,False,-6.14,0.64,-4.81,0.74,35.58,38.94,0.92,102.54,True,True
Cc1nc(-n2cccc2)sc1C(=O)NS(=O)(=O)Cc1ncon1,353.39,0.89,1,8,3,119.98,5,0.72,0,3.1,False,False,False,-2.55,0.12,-5.3,0.64,10.21,2.52,0.75,83.77,False,False
CN(Cc1ncccn1)C(=O)NC(C)(C)C(F)(F)c1ccccc1,334.37,3.19,1,3,2,58.12,5,0.91,0,2.66,False,False,False,-3.1,0.47,-4.83,0.84,32.99,38.24,0.95,75.05,False,True
COc1ccsc1CNC(=O)Nc1cscc1Cl,302.81,3.79,2,4,2,50.36,4,0.9,0,2.81,False,False,False,-4.3,0.56,-4.7,0.87,120.81,95.97,0.97,94.45,False,True
Cn1c(=O)n(CCSc2ccc(Cl)cc2)c2ccsc21,324.86,3.85,0,3,3,26.93,4,0.68,0,2.52,False,False,False,-5.1,0.57,-4.48,0.94,114.16,85.16,0.96,97.06,False,True
CCn1nc(C)c(CNc2cnc(C(F)(F)F)cc2OC)n1,315.3,2.64,1,5,2,64.86,5,0.92,0,2.97,False,False,False,-2.88,0.39,-4.82,0.98,31.96,29.3,0.99,75.45,False,True
O=S(=O)(Nc1cnc(Oc2ccccc2)nc1)C1CC2(CCOCC2)C1,375.45,2.97,1,6,2,90.41,5,0.86,0,3.23,False,False,False,-3.86,0.29,-4.98,0.87,31.3,8.28,0.92,91.05,False,True
Cc1cncc(C)c1C(=O)Nc1ccc(Cl)c([N+](=O)[O-])c1,305.72,3.51,1,4,2,85.13,3,0.69,0,2.21,False,True,False,-4.4,0.45,-4.62,0.78,83.07,62.14,0.97,90.41,True,True
CC(C)C(NS(C)(=O)=O)C(=O)OCc1c[nH]c(=O)c2ccccc12,352.41,1.15,2,5,2,105.33,6,0.76,0,2.84,False,False,False,-2.65,0.23,-5.02,0.81,44.35,33.3,0.83,69.47,False,True
O=c1c(F)c(Br)ccn1CCOc1cc(Cl)ccc1Cl,381.03,4.14,0,2,2,31.23,4,0.8,0,2.4,False,False,False,-4.75,0.49,-4.34,0.94,100.25,73.08,0.96,92.02,False,True
C=Cc1cnc(NC(=O)C2(OC)CCS(=O)(=O)CC2)nc1,311.36,0.65,1,6,1,98.25,4,0.88,0,3.27,False,False,False,-2.86,0.08,-4.87,0.68,29.23,19.96,0.28,64.43,False,True
COc1ccc(O)c(C(=O)NOc2ccc(Br)cc2)c1,338.16,2.89,2,4,2,67.79,4,0.84,0,2.13,False,True,False,-5.08,0.43,-4.71,0.61,107.09,76.47,0.92,99.02,True,True
Cc1cc(CSCc2nnn(C)n2)nc(-c2ccc(Cl)cc2)n1,346.85,3.06,0,6,3,69.38,5,0.71,0,2.63,False,False,False,-3.72,0.58,-5.15,0.97,31.72,15.77,0.99,93.33,False,True
COc1cncc(CSc2nncn2Cc2ccco2)c1,302.36,2.62,0,6,3,65.97,6,0.65,0,2.5,False,False,False,-2.31,0.32,-4.8,0.85,109.75,71.65,0.95,73.13,False,True
O=C(COC(=O)c1ccccc1-n1nccn1)Nc1cccc([N+](=O)[O-])c1,367.32,1.97,1,7,3,129.25,6,0.4,0,2.26,False,True,False,-5.73,0.61,-4.78,0.83,126.77,113.99,0.95,102.06,True,True
CC(C(=O)Nc1ncncc1-c1ccc(Br)cc1)N1CCP(C)(=O)CC1,437.28,3.54,1,5,2,75.19,4,0.74,0,3.46,False,True,False,-3.05,0.84,-5.01,0.85,13.55,11.84,0.91,74.77,True,True
COCc1noc(C(C)NC(=O)CCNc2ncccn2)n1,306.33,0.69,2,8,2,115.06,8,0.73,0,2.94,False,False,False,-1.33,0.09,-5.25,0.68,36.04,16.05,0.58,40.07,False,True
CC(C)(C)c1ccc(COC(=O)c2ccc3noc(-c4ccccc4)c3c2)cc1,385.46,6.15,0,4,4,52.33,4,0.4,0,2.12,False,False,False,-6.93,0.49,-5.01,0.75,151.77,165.24,0.89,108.17,True,True
CCC(NC(=O)NC(C)S(C)(=O)=O)C(c1ccc(C)cc1)n1cncn1,379.49,1.64,2,5,2,105.98,7,0.76,0,3.85,False,False,False,-1.88,0.46,-5.93,0.4,3.2,19.15,0.75,58.67,False,False
O=C(OCc1ccsc1Br)c1nc[nH]c(=O)c1Br,394.04,2.71,1,5,2,72.05,3,0.81,0,3.07,False,False,False,-3.72,0.11,-4.62,0.82,87.55,57.64,0.96,94.46,False,True
Cc1cc(CNCc2cc(Br)ccc2Cl)nc(C)n1,340.65,3.8,1,3,2,37.81,4,0.92,0,2.23,False,False,False,-2.26,0.81,-4.75,0.96,46.3,12.05,0.96,77.12,False,True
Cc1cc(I)ccc1CNC(=O)CCc1cnc2ncnn2c1,421.24,2.29,1,4,3,72.18,5,0.64,0,2.63,False,True,False,-3.71,0.24,-5.13,0.9,59.11,38.05,0.94,91.7,True,True
O=C(Nc1cnc(CC2CC2)nc1)N1CCS(=O)(=O)NC1,311.37,0.15,2,5,1,104.29,3,0.83,0,3.2,False,False,False,-2.3,0.08,-5.33,0.83,14.95,11.13,0.47,54.96,False,True
O=C(Cn1cccc(I)c1=O)c1ccc(Cl)s1,379.61,3.05,0,3,2,39.07,3,0.61,0,2.51,False,True,False,-4.14,0.29,-4.38,0.88,79.2,48.68,0.95,92.05,True,True
CCOC(=O)CCCCCc1cccc(OC(=O)c2ccc3sc4ccccc4c3c2)c1,446.57,6.94,0,5,4,52.6,9,0.16,0,2.22,False,True,False,-7.18,0.53,-4.92,0.82,147.2,154.26,0.86,109.46,True,True
COCc1nsc(NC(=O)c2cnc(C3CCCCC3)s2)n1,338.46,3.44,1,7,2,77.0,5,0.9,0,2.75,False,False,False,-4.27,0.45,-4.83,0.8,81.81,67.94,0.98,95.27,False,True
COc1ncc(CSc2cc(C)c(C)cc2N)cc1Br,353.28,4.34,1,4,2,48.14,4,0.66,0,2.56,False,True,False,-5.44,0.77,-4.7,0.92,129.8,109.64,0.98,100.86,True,True
CN(Cc1cc(Cl)ncc1Cl)C(=O)Nc1cnsc1,317.2,3.51,1,4,2,58.12,3,0.88,0,3.04,False,True,False,-3.15,0.38,-4.77,0.84,85.82,58.0,0.95,83.19,True,True
CN(C)c1ccc(Oc2ncc(C(=O)NC3CCC(NC(=O)OC(C)(C)C)CC3)cn2)cc1,455.56,3.9,2,7,2,105.68,6,0.68,0,2.49,False,False,False,-4.38,0.73,-4.95,0.46,18.58,36.78,0.94,91.19,False,True
CN(Cc1ccc(C(C)(C)C)cc1)C(=O)Cc1cscc1-c1nnn[nH]1,369.49,3.43,1,5,3,74.77,5,0.75,0,2.85,False,False,False,-4.1,0.78,-5.23,0.71,63.21,63.07,0.96,94.93,False,True
CCCCCCc1ccc(C(=O)C(C)N2CCS(=O)(=O)NC2)cc1,352.5,2.57,1,4,1,66.48,8,0.58,0,3.12,False,True,False,-4.05,0.83,-4.8,0.94,74.22,64.23,0.97,95.17,True,True
Cn1c(C(=O)NCc2cnsn2)cc(Br)c1Br,380.06,2.33,1,4,2,59.81,3,0.89,0,3.21,False,False,False,-4.17,0.19,-4.62,0.94,70.6,53.22,0.99,91.01,False,True
CC(C)c1ccccc1CSc1ccc(-n2ccc(-c3ccccc3)n2)nn1,386.52,5.75,0,4,4,43.6,6,0.4,0,2.44,False,False,False,-6.24,0.7,-5.18,0.79,120.87,128.99,0.89,103.58,True,True
O=C(CSc1nccn1Cc1ccccn1)c1sccc1Cl,349.87,4.02,0,5,3,47.78,6,0.5,0,2.54,False,False,False,-3.69,0.62,-4.65,0.82,137.09,107.23,0.95,89.67,False,True
CC(C)COc1cccc(OCC(=O)NS(=O)(=O)C2CCCc3ccccc32)c1,417.53,3.62,1,5,2,81.7,8,0.71,0,2.94,False,False,False,-4.5,0.6,-4.85,0.72,36.72,36.06,0.9,105.12,False,True
C=C(C)CN1CCN(Cc2ccc(COc3cccc(Cl)c3C)o2)CC1=O,388.9,4.04,0,4,2,45.92,7,0.67,0,2.57,False,True,False,-5.42,0.9,-4.59,0.98,137.41,125.28,0.98,100.31,True,True
Cc1nc(C(F)(F)F)c(Cn2ccc(I)cc2=O)s1,400.16,3.28,0,3,2,34.89,2,0.73,0,3.04,False,True,False,-3.55,0.26,-4.52,0.92,44.57,18.87,0.96,87.37,True,True
CC(C)(C)CC(=NNC(=O)c1cccnn1)c1ccc(Br)cc1,375.27,3.81,1,4,2,67.24,4,0.65,0,2.58,False,True,False,-5.71,0.48,-4.75,0.85,87.6,81.66,0.98,99.56,True,True
CN(CCc1cnccn1)C(=O)NC(C)(C)c1ccc(Cl)cc1,332.84,3.25,1,3,2,58.12,5,0.91,0,2.45,False,False,False,-2.8,0.74,-4.71,0.84,72.54,43.71,0.96,78.25,False,True
Brc1cc(NCc2n[nH]cc2-c2ccccc2)c2c(c1)OCO2,372.22,4.18,2,4,3,59.17,4,0.72,0,2.78,False,False,False,-5.37,0.92,-4.89,0.84,85.32,69.03,0.94,100.52,False,True
FC(F)(F)C(F)(F)Oc1ccc(CN2CCCCCC2C=Cc2ccccc2)cc1,425.44,6.68,0,2,2,12.47,6,0.48,0,3.01,False,True,False,-5.9,0.93,-4.94,0.96,81.06,80.7,0.89,100.35,True,True
COC(=O)C1C(C(=O)OC)C1C(=O)Oc1ccc(CC2CCC2)cc1,346.38,2.14,0,6,1,78.9,6,0.58,0,3.07,False,True,False,-4.22,0.45,-4.42,0.84,81.37,63.17,0.93,95.25,True,True
Clc1ccc2ccc(Oc3ccc4c(c3)OCCO4)nc2c1Cl,348.19,5.11,0,4,3,40.58,2,0.65,0,2.26,False,False,False,-6.36,0.37,-4.51,0.88,115.52,89.14,0.96,102.37,True,True
c1cc(CSCC2COCCO2)ncc1OC1CCCC1,309.43,3.05,0,5,1,40.58,6,0.81,0,3.12,False,False,False,-3.34,0.47,-4.59,0.98,109.92,76.81,0.99,83.36,False,True
CCc1ccc(C(C)(C)CNC(=O)c2cccc3nonc23)cc1,323.4,3.49,1,4,3,68.02,5,0.78,0,2.34,False,False,False,-5.57,0.78,-4.81,0.85,107.32,100.09,0.94,102.12,False,True
O=C(NC1=CCCCC1)Nc1ccnc(Oc2ccccc2)c1,309.37,4.45,2,3,2,63.25,4,0.88,0,2.36,False,False,False,-5.28,0.57,-4.66,0.85,87.89,58.36,0.95,99.03,False,True
Cc1ccc(Cl)c(NC(=S)Nc2ccc3c(c2)C(=O)CCO3)c1,346.84,4.42,2,3,2,50.36,2,0.79,0,2.16,False,True,False,-6.03,0.5,-4.86,0.68,90.89,84.4,0.94,102.37,True,True
Cc1ccc(CN(C)c2nc(C)cc(NC(C)Cn3cnnc3)n2)nc1,352.45,2.22,1,7,3,84.65,7,0.7,0,3.42,False,False,False,-2.54,0.7,-5.55,0.56,38.36,43.58,0.89,64.4,False,True
COc1ccc(N=C2SCCN2C(=O)C(C)SCC(=O)Nc2ccc(C)cc2)cc1,443.59,4.33,1,6,2,71.0,7,0.69,0,2.91,False,True,False,-5.71,0.7,-4.97,0.56,125.81,128.73,0.94,103.56,True,True
CN(Cc1ccnn1Cc1ccccc1)c1ccc([N+](=O)[O-])c2ccccc12,372.43,4.63,0,4,4,64.2,6,0.37,0,2.34,False,True,False,-5.7,0.95,-4.86,0.93,112.64,110.99,0.94,101.7,True,True
Cc1cc(Oc2ccccc2)nc(N2CC(N(C)c3ccccc3)C2)n1,346.43,3.9,0,5,3,41.49,5,0.7,0,2.31,False,False,False,-5.94,0.77,-4.75,0.96,113.99,106.73,0.98,103.5,False,True
Cc1cc(C)cc(C(F)(F)C(=O)NNC(=O)COc2ccc(C)nc2)c1,363.36,2.33,2,4,2,80.32,5,0.8,0,2.55,False,True,False,-3.73,0.33,-5.03,0.86,43.3,50.57,0.97,94.09,True,True
COc1ccc(C=NNc2nc(-c3cc(C(C)=O)cs3)cs2)cc1,357.46,4.53,1,7,3,63.58,6,0.4,0,2.45,False,True,False,-5.42,0.63,-4.94,0.6,123.32,108.54,0.96,101.25,True,True
COCc1ccc(NC(=O)c2csc(C(F)(F)F)c2)cc1,315.32,4.17,1,3,2,38.33,4,0.92,0,2.24,False,False,False,-4.26,0.41,-4.69,0.8,83.62,57.41,0.95,91.89,False,True
COc1cc(F)c(Nc2nc(Br)cnc2N)cc1OC,343.16,2.72,2,6,2,82.29,4,0.89,0,2.49,False,False,False,-4.42,0.7,-4.63,0.69,43.89,43.1,0.98,90.87,False,True
Clc1ccc2sc(Cn3ccnc3-c3ccccc3)cc2c1,324.84,5.47,0,2,4,17.82,3,0.49,0,2.22,False,False,False,-5.94,0.69,-4.85,0.87,105.38,90.75,0.88,100.31,True,True
O=C(NNC(=O)NC1CCS(=O)(=O)C1)Nc1cc2ccccc2o1,352.37,0.96,4,5,2,129.54,2,0.6,0,3.12,False,True,False,-3.63,0.06,-5.18,0.67,13.65,-0.01,0.19,88.56,True,True
COc1cc(C(=O)CSc2cc(N)ccc2Cl)ccn1,308.79,3.3,1,5,2,65.21,5,0.52,0,2.29,False,True,False,-4.38,0.74,-4.46,0.82,110.87,80.48,0.97,94.09,True,True
CN(Cc1ccc2c(c1)CN(C(=O)OC(C)(C)C)C2)Cc1nc2cc(C(F)(F)F)ccc2[nH]1,460.5,5.46,1,4,3,61.46,4,0.56,0,2.63,False,False,False,-4.97,0.96,-5.1,0.82,48.75,81.86,0.94,100.22,True,True
O=C(NC(c1ccccc1)C(CO)Cc1ccccc1)c1cc(OC(F)F)no1,402.4,3.6,2,5,3,84.59,9,0.57,0,3.25,False,False,False,-4.97,0.64,-4.89,0.82,42.46,37.98,0.92,99.72,False,True
CC1(C(=O)O)CCC1(C)C(=O)NCC(=O)Nc1ccc(C(N)=O)cc1,347.37,0.73,4,4,1,138.59,6,0.6,0,3.17,False,False,False,-2.51,0.03,-5.71,0.34,4.9,-2.12,0.04,53.54,False,True
COC(C(=O)NCc1ccc(Br)cc1Br)c1ccc(Br)s1,498.03,5.04,1,3,2,38.33,5,0.63,0,2.97,False,False,False,-5.11,0.48,-4.85,0.9,80.27,75.59,0.96,94.87,True,True
O=C(NCc1ccon1)c1ccnc(I)c1F,347.09,1.74,1,4,2,68.02,3,0.68,0,2.89,False,True,False,-2.81,0.05,-4.47,0.93,44.8,21.74,0.93,68.86,True,True
CS(=O)(=NS(=O)(=O)Oc1cnn(Cc2ccc(F)cc2)c1)c1cccc(Br)c1,488.36,3.61,0,5,3,90.62,6,0.53,0,3.28,False,False,False,-4.12,0.45,-5.07,0.58,27.88,41.77,0.9,100.48,False,True
O=C(CCn1cnc([N+](=O)[O-])c1)N(CC1CC1)c1ncccn1,316.32,1.41,0,6,2,107.05,7,0.56,0,2.94,False,True,False,-3.01,0.24,-4.79,0.91,86.26,65.21,0.83,64.77,True,True
O=S1(=O)CCC(CSc2ccc(C3CCCCC3)cc2)CC1,338.54,4.65,0,3,1,34.14,4,0.75,0,2.39,False,False,False,-5.21,0.6,-4.49,0.95,60.81,43.77,0.95,100.33,False,True
O=C(Nc1cnn(-c2ccc(Cl)cc2)n1)C1CCCC12OCCO2,348.79,2.4,1,5,2,78.27,3,0.92,0,3.79,False,False,False,-5.34,0.38,-4.76,0.96,39.73,36.73,0.98,97.06,False,True
Cc1ccc(NNC(=O)CN(C)c2ncc(C=O)cn2)cc1C,313.36,1.49,2,6,2,87.22,6,0.62,0,2.6,False,True,True,-4.12,0.53,-5.09,0.82,76.29,60.08,0.84,91.0,True,True
Oc1ccc2ccccc2c1-c1cccc(C2(O)CCOC2)c1,306.36,3.82,2,3,3,49.69,2,0.76,0,2.81,False,False,False,-4.08,0.58,-4.83,0.68,64.18,32.65,0.78,96.45,False,True
COc1nc(-c2nc(CS(=O)(=O)c3ccc(C)cc3)cs2)sc1C,380.52,3.87,0,7,3,69.15,5,0.67,0,2.62,False,False,False,-4.07,0.38,-4.71,0.65,80.14,61.17,0.94,98.31,False,True
COCCOC1COCCC1NC(=O)NCCC(=O)N1CCCCCC1,371.48,0.9,2,5,0,89.13,8,0.62,0,3.19,False,True,False,-0.54,0.23,-4.99,0.91,43.07,19.88,0.91,17.12,True,True
CCN(CC(=O)Nc1cnccn1)c1ccc(Cl)c(F)c1,308.74,2.73,1,4,2,58.12,5,0.92,0,2.32,False,False,False,-3.91,0.66,-4.57,0.76,80.2,54.05,0.92,86.24,False,True
COCCc1nc(CS(=O)(=O)Cc2nc(C3CCCCC3)cs2)no1,385.51,2.88,0,8,2,95.18,8,0.69,0,2.9,False,False,False,-3.11,0.48,-4.9,0.87,55.77,42.01,0.96,90.64,False,True
COC(=O)c1nsnc1C(=O)NC(CC(N)=O)C1CCCCC1,340.41,0.88,2,7,1,124.27,6,0.74,0,3.28,False,False,False,-3.33,0.26,-5.03,0.95,54.26,47.33,0.95,81.83,False,True
O=C(NS(=O)(=O)C1(Br)CC1)c1coc(C2CCCCC2)n1,377.26,2.67,1,5,1,89.27,4,0.82,0,3.09,False,True,False,-4.2,0.05,-4.62,0.75,22.17,19.07,0.91,96.23,True,True
O=C(OC1CCCC=C1Br)c1ncc(Cc2ccccc2)s1,378.29,4.72,0,4,2,39.19,4,0.72,0,3.26,False,False,False,-5.57,0.24,-4.77,0.9,133.63,123.82,0.97,101.7,False,True
CC12OCC(NC(=O)c3csc(-c4ccccc4)c3)(CO1)CO2,331.39,2.63,1,5,2,56.79,3,0.94,0,3.79,False,False,False,-4.62,0.19,-4.75,0.93,72.06,60.82,0.92,98.44,False,True
O=[N+]([O-])c1ccc2ccc(Nn3cnc4ccccc43)nc2c1,305.3,3.37,1,5,4,85.88,3,0.46,0,2.47,False,True,False,-5.18,0.76,-4.88,0.65,84.19,69.22,0.95,98.46,True,True
CC(C)(Nc1ncc2cc(Br)cn2n1)c1nc[nH]n1,322.17,1.96,2,5,3,83.79,3,0.77,0,3.86,False,False,False,-3.36,0.21,-5.27,0.61,28.41,12.4,0.82,85.07,False,True
O=C(NC1CC=C(B(O)O)CC1)c1ccc(F)c2ccccc12,313.14,2.2,3,3,2,69.56,3,0.76,0,3.19,False,True,True,-3.59,0.49,-5.2,0.54,11.96,9.22,0.58,85.14,True,False
O=[N+]([O-])c1ccc(Sc2nc(-c3ccc(F)cc3)c[nH]2)nc1-c1ccc(F)cc1,410.41,5.48,1,5,4,84.71,5,0.35,0,2.76,False,True,False,-6.02,0.5,-4.67,0.55,81.78,74.37,0.93,102.99,True,True
O=C(Cc1cc2ccccc2nc1Br)NC1COCCNC1=O,378.23,1.17,2,4,2,80.32,3,0.79,0,3.08,False,True,False,-2.9,0.11,-4.94,0.83,16.03,8.87,0.74,76.54,True,True
Cc1ccc(CSc2nc3ncc(Br)nc3s2)o1,342.24,4.04,0,6,3,51.81,3,0.67,0,3.01,False,False,False,-4.2,0.18,-4.73,0.92,94.28,70.75,0.99,94.89,False,True
COc1nscc1NC(=O)N1CC(Cc2ccccc2)(c2ccccc2)C1,379.49,4.18,1,4,3,54.46,5,0.72,0,2.66,False,False,False,-4.72,0.81,-4.91,0.93,91.79,86.44,0.95,98.46,False,True
CC1(NC(=O)C(=O)NC2CN(C3CCCCC3)C2)COC(C)(C)OC1,353.46,0.78,2,5,0,79.9,3,0.73,0,3.05,False,True,True,-2.39,0.2,-5.06,0.82,19.75,26.81,0.74,48.67,True,True
Cc1ncsc1CCNC(=O)c1cc(Br)cs1,331.26,3.25,1,4,2,41.99,4,0.93,0,2.53,False,False,False,-3.38,0.51,-4.53,0.96,97.35,66.58,0.99,87.24,False,True
CCn1ccnc1SCC(O)c1ccc(Cl)cc1F,300.79,3.52,1,3,2,38.05,5,0.86,0,2.91,False,False,False,-3.33,0.6,-4.46,0.85,103.4,69.89,0.92,81.32,False,True
Cc1ccc(CC(N)CC(=O)N(C)Cc2ccn(C)n2)c(C)c1,314.43,1.96,1,3,2,64.15,6,0.89,0,2.93,False,False,False,-1.21,0.88,-5.11,0.92,40.21,28.01,0.97,45.7,False,True
O=C(Cn1ccnc1C(O)c1cccs1)NCCc1cccc(Cl)c1,375.88,3.04,2,4,3,67.15,7,0.67,0,2.83,False,False,False,-3.51,0.8,-4.96,0.73,73.9,42.86,0.82,91.59,False,True
CN1CCN(c2cncc(NC(=O)C(=O)N=S(C)(C)=O)c2)CC1,339.42,0.03,1,6,1,94.97,2,0.76,0,2.82,False,True,True,-2.08,0.22,-5.21,0.78,12.62,5.37,0.69,45.36,True,False
Cc1cc(C)nc(N(C(=O)NC2CC(S(=O)(=O)c3ccccc3)C2)c2ccccc2)n1,436.54,3.95,1,5,3,92.26,5,0.65,0,2.61,False,False,False,-3.63,0.62,-4.89,0.59,45.11,43.64,0.79,88.08,False,True
Cc1c(C#N)cccc1CNc1nn(C)cc1-c1ccccc1,302.38,3.88,1,3,3,53.64,4,0.8,0,2.42,False,False,False,-5.33,0.86,-4.82,0.89,111.81,99.62,0.96,99.63,False,True
Cc1ncoc1CN(C)C(=O)Cc1cc(F)cc(C(F)(F)F)c1,330.28,3.34,0,3,2,46.34,4,0.81,0,2.72,False,False,False,-2.72,0.42,-4.26,0.96,53.51,28.18,0.99,73.86,False,True
Cc1ccc(C(O)CN(CC(C2CC2)C2CC2)C(=O)C2CS(=O)(=O)C2)o1,381.49,1.93,1,5,1,87.82,8,0.74,0,3.6,False,False,False,-3.74,0.62,-4.71,0.84,76.55,61.4,0.8,83.7,False,True
Cc1cc(OCC(=O)Oc2ccc3sncc3c2)ccc1Br,378.25,4.35,0,5,3,48.42,4,0.5,0,2.48,False,True,False,-5.95,0.4,-4.74,0.86,121.94,107.21,0.95,104.13,True,True
C[Si](C)(C)Cn1cc(NC(=O)NCC2(O)CCS(=O)(=O)C2)cn1,360.51,0.43,3,5,1,113.32,5,0.66,0,3.75,False,True,False,-2.89,0.21,-5.17,0.47,26.39,24.32,0.29,62.79,True,True
O=C(NCc1ncc(C(F)(F)F)cn1)NC1CCN(S(=O)(=O)F)C1,371.32,0.58,2,5,1,104.29,4,0.6,0,3.3,False,False,True,-1.92,0.05,-5.4,0.89,-2.77,19.35,0.81,53.18,True,False
Cc1cc(CNC(C)C(=O)NCc2ccco2)cc(C)c1F,304.37,2.83,2,3,2,54.27,6,0.86,0,2.72,False,False,False,-3.0,0.82,-4.72,0.95,75.94,55.86,0.97,77.63,False,True
Cn1nc(NNC(=O)Nc2ccnc(OC3CCCCC3)c2)c(=O)n(C)c1=O,389.42,0.73,3,7,2,132.17,5,0.64,0,2.78,False,True,False,-5.03,0.44,-5.18,0.57,27.61,31.71,0.6,93.2,True,True
CC(Nc1cnc(C(C)(F)F)cn1)C(O)c1ccc(Cl)cc1,327.76,3.78,2,4,2,58.04,5,0.88,0,3.36,False,False,False,-3.68,0.59,-4.89,0.71,21.46,12.62,0.97,86.56,False,True
O=S(=O)(CCOCc1ccccc1)Oc1cccc(OCc2cccc(C(F)(F)F)c2)c1,466.48,5.21,0,5,3,61.83,10,0.3,0,2.29,False,True,False,-6.07,0.76,-4.89,0.91,111.58,108.39,0.9,105.2,True,True
O=C(O)c1cc(Sc2ncc3ccccn23)c2ccncc2n1,322.35,3.13,1,5,4,80.38,3,0.62,0,2.82,False,False,False,-2.74,0.08,-5.1,0.23,30.1,3.04,0.16,89.29,False,True
Cc1ccnc(CCNC(=O)C2(c3ccc(Cl)cn3)CC2)n1,316.79,2.22,1,4,2,67.77,5,0.92,0,2.67,False,False,False,-2.09,0.25,-4.85,0.94,20.85,6.2,0.96,63.71,False,True
Nc1ccc(-c2cccc(CN(Cc3ccco3)c3ccc(Cl)cc3)n2)cc1,389.89,5.78,1,4,4,55.29,6,0.42,0,2.27,False,True,False,-5.47,0.91,-5.05,0.77,81.26,74.99,0.85,100.77,True,True
C=CC(NC(=O)c1occc1CSc1ccccc1)C1(C)CC1,327.45,4.66,1,3,2,42.24,7,0.59,0,3.39,False,True,False,-5.44,0.73,-4.6,0.94,95.26,86.82,0.96,97.61,True,True
Cc1cc(NN=Cc2cnc(C3CC3)o2)ncc1C(F)(F)F,310.28,3.72,1,5,2,63.31,4,0.69,0,3.1,False,True,False,-5.41,0.44,-4.77,0.94,65.87,59.44,0.99,98.09,True,True
Cc1cc(C(=O)CN2CCCCC2c2ccc(C(F)(F)F)cc2)ns1,368.42,4.88,0,4,2,33.2,4,0.72,0,3.15,False,False,False,-4.85,0.86,-4.87,0.98,72.64,66.13,0.97,99.06,False,True
CSc1cccc(CNC(=O)C(N)Cc2cccnn2)c1,302.4,1.38,2,5,2,80.9,6,0.79,0,2.79,False,False,False,-1.89,0.57,-5.31,0.91,32.16,23.94,0.92,56.9,False,True
O=S1(=O)CCNN(c2cc(Cl)nc(Sc3ccccc3)n2)CC1,370.89,2.02,1,7,2,75.19,3,0.65,0,3.09,False,False,True,-3.28,0.36,-4.77,0.85,26.49,1.25,0.93,88.07,True,True
O=C(Nc1ccccc1Br)OCCn1cc(Br)n2cncc2c1=O,456.09,3.27,1,4,3,77.63,4,0.65,0,2.85,False,False,False,-4.12,0.39,-4.77,0.75,82.91,63.18,0.9,91.05,False,True
CCCCc1nc(C)c(CC(=O)NS(=O)(=O)CC=C(Cl)Cl)c(=O)[nH]1,396.3,1.73,2,5,1,108.99,8,0.7,0,3.17,False,False,False,-3.25,0.02,-5.17,0.61,1.27,0.95,0.55,83.86,False,False
O=C(NCC1(O)CC(C(=O)O)C1)c1cnc(NC2CC2)s1,311.36,0.67,4,6,1,111.55,6,0.61,0,2.88,False,False,False,-2.13,0.08,-5.69,0.55,-14.4,-8.33,0.12,57.94,False,True
CN(C)c1ccc(F)cc1CNc1cnc2c(F)cccc2c1,313.35,4.19,1,3,3,28.16,4,0.78,0,2.3,False,False,False,-5.22,0.94,-4.75,0.93,96.68,90.55,0.96,96.6,False,True
O=C(CCN(Cc1ccsc1)CC1CCCCC1)NS(=O)(=O)C1CC1,384.57,3.13,1,5,1,66.48,9,0.71,0,2.61,False,False,False,-3.19,0.93,-4.91,0.94,39.84,31.46,0.86,82.83,False,True
O=C(Nc1cnc(Oc2ccccc2)nc1)C1CCn2nncc2C1,336.36,2.06,1,6,3,94.82,4,0.78,0,3.16,False,False,False,-4.15,0.12,-4.94,0.87,33.51,12.91,0.92,88.35,False,True
O=C(CCC(=O)c1ccc(Br)cc1)Nc1snc2cc(Br)cnc12,469.16,4.82,1,5,3,71.95,5,0.54,0,2.54,False,False,False,-5.86,0.33,-4.78,0.77,73.49,65.38,0.94,100.91,False,True
Clc1ccc(Oc2ccc(Cl)cc2OCc2c(Cl)oc3ccccc23)cc1,419.69,7.76,0,3,4,31.6,5,0.33,0,2.24,False,False,False,-8.06,0.41,-4.71,0.88,89.01,91.64,0.91,102.51,True,True
CC1(C(=O)Nc2ncc(-c3cccc(F)c3)s2)CS(=O)(=O)C1,340.4,2.32,1,5,2,76.13,3,0.93,0,2.75,False,False,False,-4.68,0.27,-4.5,0.77,53.31,38.14,0.79,99.43,False,True
Cc1cc(CSc2nnc3ccc(Br)cn23)nnc1C,350.25,3.19,0,5,3,55.97,3,0.68,0,2.73,False,False,False,-2.84,0.16,-4.85,0.96,75.93,48.85,0.98,85.46,False,True
NS(=O)(=O)CC1CC(NC(=O)NCc2cc3cc(F)ccc3o2)C1,355.39,1.44,3,4,2,114.43,5,0.75,0,2.67,False,False,False,-2.64,0.35,-5.24,0.81,21.48,13.33,0.71,77.77,False,True
CC(C(=O)C(C#N)c1nccnc1Cl)C(C)c1ccccc1Cl,348.23,4.4,0,4,2,66.64,5,0.8,0,3.84,False,False,False,-5.02,0.38,-4.6,0.84,50.76,52.97,0.95,95.05,False,True
CN(C)S(=O)(=O)NCC(=O)N(Cc1ccccc1)c1ncc(Cl)cn1,383.86,1.06,1,5,2,95.5,7,0.77,0,2.59,False,False,False,-3.42,0.43,-5.14,0.85,76.65,71.55,0.84,91.51,False,True
CS(=O)(=O)c1cc(CSCc2cccc(C(=O)N3CCCCC3)c2)co1,393.53,3.74,0,5,2,67.59,6,0.75,0,2.6,False,False,False,-3.47,0.66,-4.57,0.9,66.75,51.8,0.94,85.48,False,True
O=c1cn[nH]c(=S)n1N=Cc1sc(N2CCCCC2)nc1Cl,356.86,2.28,1,7,2,79.17,3,0.67,0,3.17,False,True,False,-5.29,0.28,-4.96,0.75,39.9,27.94,0.97,100.3,True,True
Cc1ccc(Br)cc1CNC(=O)c1cnn2ccsc12,350.24,3.4,1,3,3,46.4,3,0.79,0,2.61,False,False,False,-4.75,0.64,-4.82,0.91,95.36,76.79,0.97,97.37,False,True
CCC(NCc1cc(C)c(Br)c(C)c1)c1cncnc1,334.26,4.1,1,3,2,37.81,5,0.89,0,2.98,False,False,False,-2.87,0.81,-4.96,0.72,69.05,44.88,0.92,80.34,False,True
Cc1cc(C)nc(CCNC(=S)Nc2ccc(Cl)nc2)n1,321.84,2.67,2,4,2,62.73,4,0.67,0,2.4,False,True,False,-2.88,0.38,-5.04,0.8,31.56,25.12,0.91,75.38,True,True
O=C(NCc1ccc(N2CCCC2)cn1)C1SCCS1,309.46,2.1,1,5,1,45.23,4,0.92,0,2.74,False,False,False,-3.38,0.19,-5.01,0.96,56.38,46.66,0.99,74.14,False,True
O=C(NCCNC(=O)C1CCCCC1)NCC1SCCS1,331.51,1.79,3,4,0,70.23,6,0.65,0,2.68,False,True,False,-3.08,0.43,-4.98,0.94,43.97,39.26,0.9,62.76,True,True
COc1cc(COC(=O)C2CN(Cc3ccccc3)CC(C)O2)cc(OC)c1OC,415.49,3.05,0,7,2,66.46,8,0.61,0,3.03,False,False,False,-3.88,0.86,-4.71,0.93,111.43,100.88,0.97,89.14,False,True
CCc1ccc(CN(C)C(=O)CSC(C)c2ccco2)cc1,317.45,4.29,0,3,2,33.45,7,0.76,0,2.78,False,False,False,-3.38,0.76,-4.6,0.94,141.05,110.71,0.97,84.06,False,True
CC(Nc1cnn(CC2CCC2)c1)C(=O)NCCc1ccc(S(N)(=O)=O)cc1,405.52,1.49,3,5,2,119.11,9,0.58,0,2.82,False,False,False,-3.16,0.67,-5.73,0.46,28.24,38.71,0.64,80.06,False,True
COc1ncc(-c2cnc(-c3ncccn3)nc2)c(C)c1Br,358.2,3.08,0,6,3,73.68,3,0.72,0,2.77,False,False,False,-4.41,0.23,-4.84,0.86,67.38,57.81,0.98,93.5,False,True
CP(C)(=O)c1[nH]nnc1C(=O)Nc1ccc(OCCCCCN)cc1,365.37,1.81,3,6,2,122.99,9,0.46,0,2.81,False,True,False,-3.14,0.59,-5.67,0.71,-10.61,5.22,0.84,69.7,True,False
COc1ccc(Cc2csc(C3(c4ccccc4F)CC3)n2)cc1,339.44,4.96,0,3,3,22.12,5,0.66,0,2.34,False,False,False,-5.63,0.47,-4.62,0.87,113.62,95.38,0.95,101.04,False,True
O=C(O)C1CC(O)(CNC(=O)C(O)c2ccccc2C(F)(F)F)C1,347.29,1.08,4,4,1,106.86,5,0.64,0,3.22,False,False,False,-1.43,0.06,-5.71,0.52,-6.26,-7.13,0.17,55.87,False,True
CCCCCCOc1ccc(OCC(=O)Nc2nnc(C(C)C)o2)cc1,361.44,4.17,1,6,2,86.48,11,0.6,0,2.18,False,True,False,-5.82,0.34,-4.71,0.82,115.36,106.41,0.96,106.27,True,True
CSc1ccc(Br)cc1NC(=O)OCc1cccnc1,353.24,4.31,1,4,2,51.22,4,0.83,0,2.16,False,False,False,-3.75,0.59,-4.52,0.92,101.43,74.12,0.97,87.99,False,True
Cc1ccc(NC(=O)CC2COCCN2C(=O)C=Cc2cc(C)no2)c(C)c1,383.45,2.87,1,5,2,84.67,5,0.8,0,3.07,False,True,False,-3.01,0.39,-4.85,0.76,53.65,45.36,0.87,78.82,True,True
COc1ccccc1-c1ccnc(C2CCN(S(=O)(=O)F)CC2)n1,351.4,2.55,0,5,2,72.39,4,0.79,0,2.51,False,False,True,-2.73,0.56,-4.84,0.99,18.63,34.3,0.99,67.84,True,True
CN(C)c1nc(CNC(=O)COc2ccc(Cl)cc2Cl)cs1,360.27,3.21,1,5,2,54.46,6,0.86,0,2.2,False,False,False,-5.18,0.7,-4.71,0.94,110.64,101.61,0.98,99.96,False,True
O=C(CSCc1cccs1)OCC(O)c1ccc(Cl)c(Cl)c1,377.31,4.56,1,5,2,46.53,7,0.72,0,2.82,False,False,False,-4.71,0.66,-4.65,0.91,136.51,108.32,0.94,98.22,False,True
Cc1cc(F)cc(Nc2ncc(-c3ccc4c(c3)NC(=O)OC4)cn2)c1,350.35,4.4,2,5,3,76.14,3,0.73,0,2.64,False,False,False,-5.89,0.76,-4.83,0.55,61.68,52.12,0.9,102.53,False,True
O=S1(=O)CCC(SCc2nc(-c3ccc(F)cc3I)no2)C1,454.29,2.9,0,6,2,73.06,4,0.66,0,3.37,False,True,False,-5.08,0.25,-4.38,0.93,59.89,36.93,0.95,99.04,True,True
CP(C)(=O)c1cnc(C(=O)Nc2nccc(C3CCC3)n2)nc1,331.32,2.03,1,6,2,97.73,4,0.86,0,3.12,False,True,False,-3.84,0.32,-4.92,0.81,21.55,26.86,0.94,78.6,True,True
O=C(NC(c1ccncc1)C1(CO)CCC1)C1CSCCS1,338.5,2.25,2,5,1,62.22,5,0.86,0,4.09,False,False,False,-2.83,0.53,-5.18,0.85,38.91,28.87,0.89,58.66,False,True
Cc1cc(NC2CSCCSC2)nc(=O)n1-c1ccccc1,333.48,2.8,1,5,2,46.92,3,0.94,0,2.78,False,False,False,-3.75,0.21,-4.83,0.86,66.53,42.22,0.9,78.76,False,True
Cc1onc(NCc2ncc(C(C)(C)C)s2)c1I,377.25,3.95,1,5,2,50.95,3,0.82,0,3.27,False,True,False,-5.33,0.5,-4.83,0.9,126.41,124.07,0.99,100.17,True,True
COc1cc(C=O)ccc1OCC(=O)OCC#Cc1ccccc1C,338.36,2.79,0,5,2,61.83,6,0.46,0,2.32,False,True,True,-5.58,0.31,-4.41,0.87,124.44,107.69,0.96,104.6,True,True
O=C(CC1CCS(=O)(=O)C1)NOc1ccc(OC(F)(F)F)cc1,353.32,1.82,1,5,1,81.7,5,0.82,0,3.09,False,True,False,-3.79,0.07,-4.61,0.91,13.74,7.04,0.9,85.6,True,False
CC(F)(F)c1cccc(CSCc2ncsc2Br)n1,365.27,4.85,0,4,2,25.78,5,0.76,0,3.18,False,False,False,-3.77,0.5,-4.63,0.93,82.07,62.98,0.98,90.16,False,True
Cc1cc(C)cc(NNC(=O)Nc2cc(C)n(C)c(=O)c2)c1,300.36,2.46,3,3,2,75.16,3,0.76,0,2.46,False,True,False,-4.02,0.63,-5.01,0.72,61.55,37.21,0.95,87.44,True,True
CCCCc1ccc(-c2cccc3c2C(=O)c2ccccc2SC3)cc1,358.51,6.53,0,2,3,17.07,4,0.53,0,2.2,False,False,False,-7.06,0.56,-4.93,0.87,127.37,133.5,0.88,105.68,True,True
O=C(NC1CN(S(=O)(=O)F)C1)c1cc[nH]c(=O)c1Br,354.16,-0.23,2,4,1,99.34,3,0.73,0,3.07,False,False,True,-1.96,0.03,-5.25,0.8,-0.13,12.18,0.43,47.83,True,True
N#Cc1ccc(CCc2cn(CC(O)Cc3ccccc3)nn2)cc1,332.41,2.54,1,4,3,74.73,7,0.72,0,2.69,False,False,False,-4.09,0.49,-4.96,0.7,64.68,43.66,0.9,91.01,False,True
O=C(COc1cnc(Cl)c2ccccc12)NC1CCC2(CC1)OCCO2,376.84,3.07,1,5,2,69.68,4,0.83,0,3.02,False,True,False,-4.4,0.21,-4.66,0.98,49.49,42.96,0.99,94.47,True,True
CS(=O)(=O)N1CC(CSc2nc(O)cc(=O)n2C2CCCC2)C1,359.47,1.05,1,6,1,92.5,5,0.62,0,3.01,False,False,False,-2.32,0.21,-5.02,0.69,40.11,27.53,0.72,54.91,False,True
O=C(O)C(F)=C1CCN(CC(O)Cn2ncc3ccccc3c2=O)CC1,361.37,1.16,2,5,2,95.66,5,0.78,0,3.3,False,True,False,-2.03,0.32,-5.75,0.65,-9.03,-1.04,0.13,47.49,True,True
Cc1cc(F)cc(COC(=O)Cn2nccn2)c1I,375.14,2.07,0,4,2,57.01,4,0.61,0,2.9,False,True,False,-4.25,0.23,-4.46,0.97,97.55,64.03,0.99,93.39,True,True
Cn1ccnc1-c1nc(-c2csc(Br)n2)cs1,327.23,3.43,0,5,3,43.6,2,0.72,0,2.99,False,False,False,-2.84,0.36,-4.76,0.73,56.87,38.04,0.97,83.5,False,True
CC(C)(Cc1ccc(Cl)cc1)NC(=O)C(C)(C)Oc1ccc(-c2nnn[nH]2)cc1,413.91,3.82,2,5,3,92.79,7,0.61,0,2.69,False,False,False,-4.82,0.84,-5.23,0.62,31.51,31.76,0.87,99.25,False,True
